"sample_label","analysis_type","sample_wt_g","analysis_ID","date_extracted","NPOC_dilution","NPOC_dilution_notes","notes","old_sample_label_wrong"
"COMPASS_Dec2021_001","CATIONS","5.02","CAT_CMPS_KFP_0001","2022-05-31",,,,
"COMPASS_Dec2021_002","CATIONS","5.02","CAT_CMPS_KFP_0002","2022-05-31",,,,
"COMPASS_Dec2021_003","CATIONS","4.99","CAT_CMPS_KFP_0003","2022-05-31",,,,
"COMPASS_Dec2021_004","CATIONS","4.99","CAT_CMPS_KFP_0004","2022-05-31",,,,
"COMPASS_Dec2021_005","CATIONS","4.99","CAT_CMPS_KFP_0005","2022-05-31",,,,
"COMPASS_Dec2021_006","CATIONS","5.01","CAT_CMPS_KFP_0006","2022-05-31",,,,
"COMPASS_Dec2021_007","CATIONS","4.99","CAT_CMPS_KFP_0007","2022-05-31",,,,
"COMPASS_Dec2021_008","CATIONS","4.99","CAT_CMPS_KFP_0008","2022-05-31",,,,
"COMPASS_Dec2021_009","CATIONS","5.01","CAT_CMPS_KFP_0009","2022-05-31",,,,
"COMPASS_Dec2021_010","CATIONS","5","CAT_CMPS_KFP_0010","2022-05-31",,,,
"rep-5","CATIONS","5","CAT_CMPS_KFP_0011","2022-05-31",,,,
"blank - filter","CATIONS",,"CAT_CMPS_KFP_0012","2022-05-31",,,,
"blank - solution","CATIONS",,"CAT_CMPS_KFP_0013","2022-05-31",,,,
"COMPASS_Dec2021_011","CATIONS","5.01","CAT_CMPS_KFP_0014","2022-06-06",,,,
"COMPASS_Dec2021_012","CATIONS","5.01","CAT_CMPS_KFP_0015","2022-05-31",,,,
"COMPASS_Dec2021_013","CATIONS","5.01","CAT_CMPS_KFP_0016","2022-05-31",,,,
"COMPASS_Dec2021_014","CATIONS","5.02","CAT_CMPS_KFP_0017","2022-05-31",,,,
"COMPASS_Dec2021_015","CATIONS","4.99","CAT_CMPS_KFP_0018","2022-05-31",,,,
"COMPASS_Dec2021_016","CATIONS","5.02","CAT_CMPS_KFP_0019","2022-05-31",,,,
"COMPASS_Dec2021_017","CATIONS","5.02","CAT_CMPS_KFP_0020","2022-05-31",,,,
"COMPASS_Dec2021_018","CATIONS","4.98","CAT_CMPS_KFP_0021","2022-05-31",,,,
"COMPASS_Dec2021_019","CATIONS","4.98","CAT_CMPS_KFP_0022","2022-05-31",,,,
"COMPASS_Dec2021_020","CATIONS","4.98","CAT_CMPS_KFP_0023","2022-05-31",,,,
"rep-15","CATIONS","4.99","CAT_CMPS_KFP_0024","2022-05-31",,,,
"blank - filter","CATIONS",,"CAT_CMPS_KFP_0025","2022-05-31",,,,
"COMPASS_Dec2021_021","CATIONS","5.02","CAT_CMPS_KFP_0026","2022-06-01",,,,
"COMPASS_Dec2021_022","CATIONS","5","CAT_CMPS_KFP_0027","2022-06-01",,,,
"COMPASS_Dec2021_023","CATIONS","5.02","CAT_CMPS_KFP_0028","2022-06-01",,,,
"COMPASS_Dec2021_024","CATIONS","5.01","CAT_CMPS_KFP_0029","2022-06-01",,,,
"COMPASS_Dec2021_025","CATIONS","5.01","CAT_CMPS_KFP_0030","2022-06-01",,,,
"COMPASS_Dec2021_026","CATIONS","4.98","CAT_CMPS_KFP_0031","2022-06-01",,,,
"COMPASS_Dec2021_027","CATIONS","5.02","CAT_CMPS_KFP_0032","2022-06-01",,,,
"COMPASS_Dec2021_028","CATIONS","4.99","CAT_CMPS_KFP_0033","2022-06-01",,,,
"COMPASS_Dec2021_029","CATIONS","5.01","CAT_CMPS_KFP_0034","2022-06-01",,,,
"COMPASS_Dec2021_030","CATIONS","5.02","CAT_CMPS_KFP_0035","2022-06-01",,,,
"rep-25","CATIONS","5.02","CAT_CMPS_KFP_0036","2022-06-01",,,,
"blank - filter","CATIONS",,"CAT_CMPS_KFP_0037","2022-06-01",,,,
"COMPASS_Dec2021_031","CATIONS","5.02","CAT_CMPS_KFP_0038","2022-06-01",,,,
"COMPASS_Dec2021_032","CATIONS","4.98","CAT_CMPS_KFP_0039","2022-06-01",,,,
"COMPASS_Dec2021_033","CATIONS","5.02","CAT_CMPS_KFP_0040","2022-06-01",,,,
"COMPASS_Dec2021_034","CATIONS","5.01","CAT_CMPS_KFP_0041","2022-06-01",,,,
"COMPASS_Dec2021_035","CATIONS","4.99","CAT_CMPS_KFP_0042","2022-06-01",,,,
"COMPASS_Dec2021_036","CATIONS","4.98","CAT_CMPS_KFP_0043","2022-06-01",,,,
"COMPASS_Dec2021_037","CATIONS","5.02","CAT_CMPS_KFP_0044","2022-06-01",,,,
"COMPASS_Dec2021_038","CATIONS","5","CAT_CMPS_KFP_0045","2022-06-01",,,,
"COMPASS_Dec2021_039","CATIONS","5","CAT_CMPS_KFP_0046","2022-06-01",,,,
"COMPASS_Dec2021_040","CATIONS","4.99","CAT_CMPS_KFP_0047","2022-06-01",,,,
"rep-35","CATIONS","5.02","CAT_CMPS_KFP_0048","2022-06-01",,,,
"blank - filter","CATIONS",,"CAT_CMPS_KFP_0049","2022-06-01",,,,
"COMPASS_Dec2021_041","CATIONS","5","CAT_CMPS_KFP_0050","2022-06-01",,,,
"COMPASS_Dec2021_042","CATIONS","4.98","CAT_CMPS_KFP_0051","2022-06-01",,,,
"COMPASS_Dec2021_043","CATIONS","5","CAT_CMPS_KFP_0052","2022-06-01",,,,
"COMPASS_Dec2021_044","CATIONS","5","CAT_CMPS_KFP_0053","2022-06-01",,,,
"COMPASS_Dec2021_045","CATIONS","5.02","CAT_CMPS_KFP_0054","2022-06-01",,,,
"COMPASS_Dec2021_046","CATIONS","5.02","CAT_CMPS_KFP_0055","2022-06-01",,,,
"COMPASS_Dec2021_047","CATIONS","5.01","CAT_CMPS_KFP_0056","2022-06-01",,,,
"COMPASS_Dec2021_048","CATIONS","5.01","CAT_CMPS_KFP_0057","2022-06-01",,,,
"COMPASS_Dec2021_049","CATIONS","5","CAT_CMPS_KFP_0058","2022-06-01",,,,
"COMPASS_Dec2021_050","CATIONS","4.99","CAT_CMPS_KFP_0059","2022-06-02",,,,
"rep-45","CATIONS","5.02","CAT_CMPS_KFP_0060","2022-06-01",,,,
"blank - filter","CATIONS",,"CAT_CMPS_KFP_0061","2022-06-01",,,,
"COMPASS_Dec2021_051","CATIONS","5.02","CAT_CMPS_KFP_0062","2022-06-02",,,,
"COMPASS_Dec2021_052","CATIONS","4.98","CAT_CMPS_KFP_0063","2022-06-02",,,,
"COMPASS_Dec2021_053","CATIONS","5.02","CAT_CMPS_KFP_0064","2022-06-02",,,,
"COMPASS_Dec2021_054","CATIONS","4.98","CAT_CMPS_KFP_0065","2022-06-02",,,,
"COMPASS_Dec2021_055","CATIONS","5.02","CAT_CMPS_KFP_0066","2022-06-02",,,,
"COMPASS_Dec2021_056","CATIONS","4.98","CAT_CMPS_KFP_0067","2022-06-02",,,,
"COMPASS_Dec2021_057","CATIONS","5.01","CAT_CMPS_KFP_0068","2022-06-02",,,,
"COMPASS_Dec2021_058","CATIONS","5.02","CAT_CMPS_KFP_0069","2022-06-02",,,,
"COMPASS_Dec2021_059","CATIONS","5","CAT_CMPS_KFP_0070","2022-06-02",,,,
"COMPASS_Dec2021_060","CATIONS","5.01","CAT_CMPS_KFP_0071","2022-06-02",,,,
"rep-55","CATIONS","5","CAT_CMPS_KFP_0072","2022-06-02",,,,
"blank - filter","CATIONS",,"CAT_CMPS_KFP_0073","2022-06-02",,,,
"blank - solution","CATIONS",,"CAT_CMPS_KFP_0074","2022-06-02",,,,
"COMPASS_Dec2021_061","CATIONS","5.02","CAT_CMPS_KFP_0075","2022-06-02",,,,
"COMPASS_Dec2021_062","CATIONS","5.01","CAT_CMPS_KFP_0076","2022-06-02",,,,
"COMPASS_Dec2021_063","CATIONS","5","CAT_CMPS_KFP_0077","2022-06-02",,,,
"COMPASS_Dec2021_064","CATIONS","5.02","CAT_CMPS_KFP_0078","2022-06-02",,,,
"COMPASS_Dec2021_065","CATIONS","5.01","CAT_CMPS_KFP_0079","2022-06-02",,,,
"COMPASS_Dec2021_066","CATIONS","5.02","CAT_CMPS_KFP_0080","2022-06-02",,,,
"COMPASS_Dec2021_067","CATIONS","5.01","CAT_CMPS_KFP_0081","2022-06-02",,,,
"COMPASS_Dec2021_068","CATIONS","4.98","CAT_CMPS_KFP_0082","2022-06-02",,,,
"COMPASS_Dec2021_069","CATIONS","4.99","CAT_CMPS_KFP_0083","2022-06-02",,,,
"COMPASS_Dec2021_070","CATIONS","5","CAT_CMPS_KFP_0084","2022-06-02",,,,
"rep-65","CATIONS","5","CAT_CMPS_KFP_0085","2022-06-02",,,,
"blank - filter","CATIONS",,"CAT_CMPS_KFP_0086","2022-06-02",,,,
"COMPASS_Dec2021_071","CATIONS","5","CAT_CMPS_KFP_0087","2022-06-02",,,,
"COMPASS_Dec2021_072","CATIONS","5.01","CAT_CMPS_KFP_0088","2022-06-02",,,,
"COMPASS_Dec2021_073","CATIONS","5.01","CAT_CMPS_KFP_0089","2022-06-02",,,,
"COMPASS_Dec2021_074","CATIONS","4.98","CAT_CMPS_KFP_0090","2022-06-02",,,,
"COMPASS_Dec2021_075","CATIONS","5.02","CAT_CMPS_KFP_0091","2022-06-02",,,,
"COMPASS_Dec2021_076","CATIONS","4.98","CAT_CMPS_KFP_0092","2022-06-02",,,,
"COMPASS_Dec2021_077","CATIONS","5.01","CAT_CMPS_KFP_0093","2022-06-02",,,,
"COMPASS_Dec2021_078","CATIONS","5.01","CAT_CMPS_KFP_0094","2022-06-02",,,,
"COMPASS_Dec2021_079","CATIONS","5.02","CAT_CMPS_KFP_0095","2022-06-02",,,,
"COMPASS_Dec2021_080","CATIONS","5.01","CAT_CMPS_KFP_0096","2022-06-02",,,,
"rep-75","CATIONS","4.98","CAT_CMPS_KFP_0097","2022-06-02",,,,
"blank - filter","CATIONS",,"CAT_CMPS_KFP_0098","2022-06-02",,,,
"COMPASS_Dec2021_081","CATIONS","5","CAT_CMPS_KFP_0099","2022-06-02",,,,
"COMPASS_Dec2021_082","CATIONS","4.98","CAT_CMPS_KFP_0100","2022-06-02",,,,
"COMPASS_Dec2021_083","CATIONS","4.98","CAT_CMPS_KFP_0101","2022-06-02",,,,
"COMPASS_Dec2021_084","CATIONS","5.01","CAT_CMPS_KFP_0102","2022-06-02",,,,
"COMPASS_Dec2021_085","CATIONS","5.02","CAT_CMPS_KFP_0103","2022-06-02",,,,
"COMPASS_Dec2021_086","CATIONS","5.02","CAT_CMPS_KFP_0104","2022-06-02",,,,
"COMPASS_Dec2021_087","CATIONS","5.01","CAT_CMPS_KFP_0105","2022-06-02",,,,
"COMPASS_Dec2021_088","CATIONS","5","CAT_CMPS_KFP_0106","2022-06-02",,,,
"COMPASS_Dec2021_089","CATIONS","5.01","CAT_CMPS_KFP_0107","2022-06-02",,,,
"COMPASS_Dec2021_090","CATIONS","5","CAT_CMPS_KFP_0108","2022-06-02",,,,
"rep-85","CATIONS","5.02","CAT_CMPS_KFP_0109","2022-06-02",,,,
"blank - filter","CATIONS",,"CAT_CMPS_KFP_0110","2022-06-02",,,,
"COMPASS_Dec2021_091","CATIONS","4.99","CAT_CMPS_KFP_0111","2022-06-03",,,,
"COMPASS_Dec2021_092","CATIONS","5","CAT_CMPS_KFP_0112","2022-06-03",,,,
"COMPASS_Dec2021_093","CATIONS","5","CAT_CMPS_KFP_0113","2022-06-03",,,,
"COMPASS_Dec2021_094","CATIONS","5.01","CAT_CMPS_KFP_0114","2022-06-03",,,,
"COMPASS_Dec2021_095","CATIONS","5.02","CAT_CMPS_KFP_0115","2022-06-03",,,,
"COMPASS_Dec2021_096","CATIONS","4.99","CAT_CMPS_KFP_0116","2022-06-03",,,,
"COMPASS_Dec2021_097","CATIONS","5.02","CAT_CMPS_KFP_0117","2022-06-03",,,,
"COMPASS_Dec2021_098","CATIONS","4.99","CAT_CMPS_KFP_0118","2022-06-03",,,,
"COMPASS_Dec2021_099","CATIONS","5.01","CAT_CMPS_KFP_0119","2022-06-03",,,,
"COMPASS_Dec2021_100","CATIONS","5","CAT_CMPS_KFP_0120","2022-06-03",,,,
"COMPASS_Dec2021_101","CATIONS","4.99","CAT_CMPS_KFP_0121","2022-06-03",,,,
"blank - filter","CATIONS",,"CAT_CMPS_KFP_0122","2022-06-03",,,,
"blank - solution","CATIONS",,"CAT_CMPS_KFP_0123","2022-06-03",,,,
"COMPASS_Dec2021_102","CATIONS","5.02","CAT_CMPS_KFP_0124","2022-06-03",,,,
"COMPASS_Dec2021_103","CATIONS","5.01","CAT_CMPS_KFP_0125","2022-06-03",,,,
"COMPASS_Dec2021_106","CATIONS","4.98","CAT_CMPS_KFP_0126","2022-06-03",,,,
"COMPASS_Dec2021_107","CATIONS","5","CAT_CMPS_KFP_0127","2022-06-03",,,,
"COMPASS_Dec2021_108","CATIONS","5.02","CAT_CMPS_KFP_0128","2022-06-03",,,,
"COMPASS_Dec2021_109","CATIONS","4.98","CAT_CMPS_KFP_0129","2022-06-03",,,,
"COMPASS_Dec2021_110","CATIONS","5.02","CAT_CMPS_KFP_0130","2022-06-03",,,,
"COMPASS_Dec2021_111","CATIONS","4.99","CAT_CMPS_KFP_0131","2022-06-03",,,,
"COMPASS_Dec2021_112","CATIONS","4.98","CAT_CMPS_KFP_0132","2022-06-03",,,,"COMPASS_Dec2021_116"
"COMPASS_Dec2021_113","CATIONS","4.98","CAT_CMPS_KFP_0133","2022-06-03",,,,"COMPASS_Dec2021_117"
"COMPASS_Dec2021_114","CATIONS","5.01","CAT_CMPS_KFP_0134","2022-06-03",,,,"COMPASS_Dec2021_118"
"COMPASS_Dec2021_115","CATIONS","5","CAT_CMPS_KFP_0135","2022-06-03",,,,"COMPASS_Dec2021_119"
"COMPASS_Dec2021_116","CATIONS","5.01","CAT_CMPS_KFP_0136","2022-06-03",,,,"COMPASS_Dec2021_120"
"COMPASS_Dec2021_117","CATIONS","5","CAT_CMPS_KFP_0137","2022-06-03",,,"re-filtered due to fragments of rubber stopper.","COMPASS_Dec2021_121"
"COMPASS_Dec2021_118","CATIONS","5","CAT_CMPS_KFP_0138","2022-06-03",,,,"COMPASS_Dec2021_122"
"blank - filter","CATIONS",,"CAT_CMPS_KFP_0139","2022-06-03",,,,
"blank - solution","CATIONS",,"CAT_CMPS_KFP_0140","2022-06-03",,,,
"COMPASS_Dec2021_119","CATIONS","5","CAT_CMPS_KFP_0141","2022-06-08",,,,"COMPASS_Dec2021_123"
"COMPASS_Dec2021_120","CATIONS","5.02","CAT_CMPS_KFP_0142","2022-06-08",,,,"COMPASS_Dec2021_124"
,,,,,,,,
"COMPASS_Dec2021_001","TCTN","3.02","TCTN_CMPS_KFP_0001",,,,,
"COMPASS_Dec2021_002","TCTN","3.01","TCTN_CMPS_KFP_0002",,,,,
"COMPASS_Dec2021_003","TCTN","3.01","TCTN_CMPS_KFP_0003",,,,,
"COMPASS_Dec2021_004","TCTN","3","TCTN_CMPS_KFP_0004",,,,,
"COMPASS_Dec2021_005","TCTN","2.99","TCTN_CMPS_KFP_0005",,,,,
"COMPASS_Dec2021_006","TCTN","3.01","TCTN_CMPS_KFP_0006",,,,,
"COMPASS_Dec2021_007","TCTN","2.98","TCTN_CMPS_KFP_0007",,,,,
"COMPASS_Dec2021_008","TCTN","3","TCTN_CMPS_KFP_0008",,,,,
"COMPASS_Dec2021_009","TCTN","2.99","TCTN_CMPS_KFP_0009",,,,,
"COMPASS_Dec2021_010","TCTN","2.98","TCTN_CMPS_KFP_0010",,,,,
"COMPASS_Dec2021_011","TCTN","3.02","TCTN_CMPS_KFP_0011",,,,,
"COMPASS_Dec2021_012","TCTN","3","TCTN_CMPS_KFP_0012",,,,,
"COMPASS_Dec2021_013","TCTN","2.99","TCTN_CMPS_KFP_0013",,,,,
"COMPASS_Dec2021_014","TCTN","2.99","TCTN_CMPS_KFP_0014",,,,,
"COMPASS_Dec2021_015","TCTN","3","TCTN_CMPS_KFP_0015",,,,,
"COMPASS_Dec2021_016","TCTN","3.02","TCTN_CMPS_KFP_0016",,,,,
"COMPASS_Dec2021_017","TCTN","2.98","TCTN_CMPS_KFP_0017",,,,,
"COMPASS_Dec2021_018","TCTN","3.01","TCTN_CMPS_KFP_0018",,,,,
"COMPASS_Dec2021_019","TCTN","3.02","TCTN_CMPS_KFP_0019",,,,,
"COMPASS_Dec2021_020","TCTN","3","TCTN_CMPS_KFP_0020",,,,,
"COMPASS_Dec2021_021","TCTN","3","TCTN_CMPS_KFP_0021",,,,,
"COMPASS_Dec2021_022","TCTN","3.01","TCTN_CMPS_KFP_0022",,,,,
"COMPASS_Dec2021_023","TCTN","3.02","TCTN_CMPS_KFP_0023",,,,,
"COMPASS_Dec2021_024","TCTN","3","TCTN_CMPS_KFP_0024",,,,,
"COMPASS_Dec2021_025","TCTN","3","TCTN_CMPS_KFP_0025",,,,,
"COMPASS_Dec2021_026","TCTN","3.02","TCTN_CMPS_KFP_0026",,,,,
"COMPASS_Dec2021_027","TCTN","3.01","TCTN_CMPS_KFP_0027",,,,,
"COMPASS_Dec2021_028","TCTN","3.02","TCTN_CMPS_KFP_0028",,,,,
"COMPASS_Dec2021_029","TCTN","2.99","TCTN_CMPS_KFP_0029",,,,,
"COMPASS_Dec2021_030","TCTN","3","TCTN_CMPS_KFP_0030",,,,,
"COMPASS_Dec2021_031","TCTN","3.01","TCTN_CMPS_KFP_0031",,,,,
"COMPASS_Dec2021_032","TCTN","2.98","TCTN_CMPS_KFP_0032",,,,,
"COMPASS_Dec2021_033","TCTN","2.98","TCTN_CMPS_KFP_0033",,,,,
"COMPASS_Dec2021_034","TCTN","3","TCTN_CMPS_KFP_0034",,,,,
"COMPASS_Dec2021_035","TCTN","3.01","TCTN_CMPS_KFP_0035",,,,,
"COMPASS_Dec2021_036","TCTN","2.99","TCTN_CMPS_KFP_0036",,,,,
"COMPASS_Dec2021_037","TCTN","3.01","TCTN_CMPS_KFP_0037",,,,,
"COMPASS_Dec2021_038","TCTN","2.98","TCTN_CMPS_KFP_0038",,,,,
"COMPASS_Dec2021_039","TCTN","2.99","TCTN_CMPS_KFP_0039",,,,,
"COMPASS_Dec2021_040","TCTN","2.99","TCTN_CMPS_KFP_0040",,,,,
"COMPASS_Dec2021_041","TCTN","2.98","TCTN_CMPS_KFP_0041",,,,,
"COMPASS_Dec2021_042","TCTN","3.01","TCTN_CMPS_KFP_0042",,,,,
"COMPASS_Dec2021_043","TCTN","3","TCTN_CMPS_KFP_0043",,,,,
"COMPASS_Dec2021_044","TCTN","3.01","TCTN_CMPS_KFP_0044",,,,,
"COMPASS_Dec2021_045","TCTN","2.99","TCTN_CMPS_KFP_0045",,,,,
"COMPASS_Dec2021_046","TCTN","2.99","TCTN_CMPS_KFP_0046",,,,,
"COMPASS_Dec2021_047","TCTN","3.01","TCTN_CMPS_KFP_0047",,,,,
"COMPASS_Dec2021_048","TCTN","3","TCTN_CMPS_KFP_0048",,,,,
"COMPASS_Dec2021_049","TCTN","3.02","TCTN_CMPS_KFP_0049",,,,,
"COMPASS_Dec2021_050","TCTN","3","TCTN_CMPS_KFP_0050",,,,,
"COMPASS_Dec2021_051","TCTN","3.01","TCTN_CMPS_KFP_0051",,,,,
"COMPASS_Dec2021_052","TCTN","3.02","TCTN_CMPS_KFP_0052",,,,,
"COMPASS_Dec2021_053","TCTN","3.01","TCTN_CMPS_KFP_0053",,,,,
"COMPASS_Dec2021_054","TCTN","2.99","TCTN_CMPS_KFP_0054",,,,,
"COMPASS_Dec2021_055","TCTN","2.98","TCTN_CMPS_KFP_0055",,,,,
"COMPASS_Dec2021_056","TCTN","2.99","TCTN_CMPS_KFP_0056",,,,,
"COMPASS_Dec2021_057","TCTN","3.01","TCTN_CMPS_KFP_0057",,,,,
"COMPASS_Dec2021_058","TCTN","3","TCTN_CMPS_KFP_0058",,,,,
"COMPASS_Dec2021_059","TCTN","3","TCTN_CMPS_KFP_0059",,,,,
"COMPASS_Dec2021_060","TCTN","3.01","TCTN_CMPS_KFP_0060",,,,,
"COMPASS_Dec2021_061","TCTN","3.02","TCTN_CMPS_KFP_0061",,,,,
"COMPASS_Dec2021_062","TCTN","2.98","TCTN_CMPS_KFP_0062",,,,,
"COMPASS_Dec2021_063","TCTN","3.01","TCTN_CMPS_KFP_0063",,,,,
"COMPASS_Dec2021_064","TCTN","3.02","TCTN_CMPS_KFP_0064",,,,,
"COMPASS_Dec2021_065","TCTN","2.98","TCTN_CMPS_KFP_0065",,,,,
"COMPASS_Dec2021_066","TCTN","3.02","TCTN_CMPS_KFP_0066",,,,,
"COMPASS_Dec2021_067","TCTN","3.01","TCTN_CMPS_KFP_0067",,,,,
"COMPASS_Dec2021_068","TCTN","3","TCTN_CMPS_KFP_0068",,,,,
"COMPASS_Dec2021_069","TCTN","3.02","TCTN_CMPS_KFP_0069",,,,,
"COMPASS_Dec2021_070","TCTN","2.99","TCTN_CMPS_KFP_0070",,,,,
"COMPASS_Dec2021_071","TCTN","2.98","TCTN_CMPS_KFP_0071",,,,,
"COMPASS_Dec2021_072","TCTN","2.99","TCTN_CMPS_KFP_0072",,,,,
"COMPASS_Dec2021_073","TCTN","3.02","TCTN_CMPS_KFP_0073",,,,,
"COMPASS_Dec2021_074","TCTN","3.02","TCTN_CMPS_KFP_0074",,,,,
"COMPASS_Dec2021_075","TCTN","3","TCTN_CMPS_KFP_0075",,,,,
"COMPASS_Dec2021_076","TCTN","2.99","TCTN_CMPS_KFP_0076",,,,,
"COMPASS_Dec2021_077","TCTN","3","TCTN_CMPS_KFP_0077",,,,,
"COMPASS_Dec2021_078","TCTN","3.01","TCTN_CMPS_KFP_0078",,,,,
"COMPASS_Dec2021_079","TCTN","2.99","TCTN_CMPS_KFP_0079",,,,,
"COMPASS_Dec2021_080","TCTN","3.02","TCTN_CMPS_KFP_0080",,,,,
"COMPASS_Dec2021_081","TCTN","3","TCTN_CMPS_KFP_0081",,,,,
"COMPASS_Dec2021_082","TCTN","3","TCTN_CMPS_KFP_0082",,,,,
"COMPASS_Dec2021_083","TCTN","3","TCTN_CMPS_KFP_0083",,,,,
"COMPASS_Dec2021_084","TCTN","2.99","TCTN_CMPS_KFP_0084",,,,,
"COMPASS_Dec2021_085","TCTN","3","TCTN_CMPS_KFP_0085",,,,,
"COMPASS_Dec2021_086","TCTN","3","TCTN_CMPS_KFP_0086",,,,,
"COMPASS_Dec2021_087","TCTN","3","TCTN_CMPS_KFP_0087",,,,,
"COMPASS_Dec2021_088","TCTN","2.99","TCTN_CMPS_KFP_0088",,,,,
"COMPASS_Dec2021_089","TCTN","2.99","TCTN_CMPS_KFP_0089",,,,,
"COMPASS_Dec2021_090","TCTN","3","TCTN_CMPS_KFP_0090",,,,,
"COMPASS_Dec2021_091","TCTN","3.02","TCTN_CMPS_KFP_0091",,,,,
"COMPASS_Dec2021_092","TCTN","2.99","TCTN_CMPS_KFP_0092",,,,,
"COMPASS_Dec2021_093","TCTN","3.01","TCTN_CMPS_KFP_0093",,,,,
"COMPASS_Dec2021_094","TCTN","3.02","TCTN_CMPS_KFP_0094",,,,,
"COMPASS_Dec2021_095","TCTN","3.02","TCTN_CMPS_KFP_0095",,,,,
"COMPASS_Dec2021_096","TCTN","3","TCTN_CMPS_KFP_0096",,,,,
"COMPASS_Dec2021_097","TCTN","3","TCTN_CMPS_KFP_0097",,,,,
"COMPASS_Dec2021_098","TCTN","2.99","TCTN_CMPS_KFP_0098",,,,,
"COMPASS_Dec2021_099","TCTN","2.98","TCTN_CMPS_KFP_0099",,,,,
"COMPASS_Dec2021_100","TCTN","3","TCTN_CMPS_KFP_0100",,,,,
"COMPASS_Dec2021_101","TCTN","3.02","TCTN_CMPS_KFP_0101",,,,,
"COMPASS_Dec2021_102","TCTN","3.01","TCTN_CMPS_KFP_0102",,,,,
"COMPASS_Dec2021_103","TCTN","3.01","TCTN_CMPS_KFP_0103",,,,,
"COMPASS_Dec2021_106","TCTN","2.98","TCTN_CMPS_KFP_0104",,,,,
"COMPASS_Dec2021_107","TCTN","3.01","TCTN_CMPS_KFP_0105",,,,,
"COMPASS_Dec2021_108","TCTN","3.01","TCTN_CMPS_KFP_0106",,,,,
"COMPASS_Dec2021_109","TCTN","2.99","TCTN_CMPS_KFP_0107",,,,,
"COMPASS_Dec2021_110","TCTN","2.98","TCTN_CMPS_KFP_0108",,,,,
"COMPASS_Dec2021_111","TCTN","3.02","TCTN_CMPS_KFP_0109",,,,,
"COMPASS_Dec2021_112","TCTN","3.01","TCTN_CMPS_KFP_0110",,,,,
"COMPASS_Dec2021_113","TCTN","3","TCTN_CMPS_KFP_0111",,,,,
"COMPASS_Dec2021_114","TCTN","2.98","TCTN_CMPS_KFP_0112",,,,,
"COMPASS_Dec2021_115","TCTN","2.98","TCTN_CMPS_KFP_0113",,,,,
"COMPASS_Dec2021_116","TCTN","3.02","TCTN_CMPS_KFP_0114",,,,,
"COMPASS_Dec2021_117","TCTN","3.01","TCTN_CMPS_KFP_0115",,,,,
"COMPASS_Dec2021_118","TCTN","2.98","TCTN_CMPS_KFP_0116",,,,,
"COMPASS_Dec2021_119","TCTN","2.99","TCTN_CMPS_KFP_0117",,,,,
"COMPASS_Dec2021_120","TCTN","3.01","TCTN_CMPS_KFP_0118",,,,,
,,,,,,,,
"COMPASS_Dec2021_001","NITROGEN","5","NIT_CMPS_KFP_0001",,,,,
"COMPASS_Dec2021_002","NITROGEN","5.01","NIT_CMPS_KFP_0002",,,,,
"COMPASS_Dec2021_003","NITROGEN","5","NIT_CMPS_KFP_0003",,,,,
"COMPASS_Dec2021_004","NITROGEN","5","NIT_CMPS_KFP_0004",,,,,
"COMPASS_Dec2021_005","NITROGEN","4.99","NIT_CMPS_KFP_0005",,,,,
"COMPASS_Dec2021_006","NITROGEN","5","NIT_CMPS_KFP_0006",,,,,
"COMPASS_Dec2021_007","NITROGEN","5","NIT_CMPS_KFP_0007",,,,,
"COMPASS_Dec2021_008","NITROGEN","4.98","NIT_CMPS_KFP_0008",,,,,
"COMPASS_Dec2021_009","NITROGEN","5","NIT_CMPS_KFP_0009",,,,,
"COMPASS_Dec2021_010","NITROGEN","5.01","NIT_CMPS_KFP_0010",,,,,
"rep-10","NITROGEN","5.01","NIT_CMPS_KFP_0011",,,,,
"blank-filter","NITROGEN",,"NIT_CMPS_KFP_0012",,,,,
"blank-solution","NITROGEN",,"NIT_CMPS_KFP_0013",,,,,
"COMPASS_Dec2021_011","NITROGEN","5.01","NIT_CMPS_KFP_0014",,,,,
"COMPASS_Dec2021_012","NITROGEN","5","NIT_CMPS_KFP_0015",,,,,
"COMPASS_Dec2021_013","NITROGEN","5.01","NIT_CMPS_KFP_0016",,,,,
"COMPASS_Dec2021_014","NITROGEN","5.02","NIT_CMPS_KFP_0017",,,,,
"COMPASS_Dec2021_015","NITROGEN","5.02","NIT_CMPS_KFP_0018",,,,,
"COMPASS_Dec2021_016","NITROGEN","5.01","NIT_CMPS_KFP_0019",,,,,
"COMPASS_Dec2021_017","NITROGEN","4.99","NIT_CMPS_KFP_0020",,,,,
"COMPASS_Dec2021_018","NITROGEN","5","NIT_CMPS_KFP_0021",,,,,
"COMPASS_Dec2021_019","NITROGEN","4.99","NIT_CMPS_KFP_0022",,,,,
"COMPASS_Dec2021_020","NITROGEN","5","NIT_CMPS_KFP_0023",,,,,
"rep-20","NITROGEN","4.98","NIT_CMPS_KFP_0024",,,,,
"blank-filter","NITROGEN",,"NIT_CMPS_KFP_0025",,,,,
"blank-solution","NITROGEN",,"NIT_CMPS_KFP_0026",,,,,
"COMPASS_Dec2021_021","NITROGEN","4.99","NIT_CMPS_KFP_0027",,,,,
"COMPASS_Dec2021_022","NITROGEN","5","NIT_CMPS_KFP_0028",,,,,
"COMPASS_Dec2021_023","NITROGEN","5","NIT_CMPS_KFP_0029",,,,,
"COMPASS_Dec2021_024","NITROGEN","5","NIT_CMPS_KFP_0030",,,,,
"COMPASS_Dec2021_025","NITROGEN","4.99","NIT_CMPS_KFP_0031",,,,,
"COMPASS_Dec2021_026","NITROGEN","5.02","NIT_CMPS_KFP_0032",,,,,
"COMPASS_Dec2021_027","NITROGEN","5.02","NIT_CMPS_KFP_0033",,,,,
"COMPASS_Dec2021_028","NITROGEN","4.99","NIT_CMPS_KFP_0034",,,,,
"COMPASS_Dec2021_029","NITROGEN","5.01","NIT_CMPS_KFP_0035",,,,,
"COMPASS_Dec2021_030","NITROGEN","5.01","NIT_CMPS_KFP_0036",,,,,
"rep-30","NITROGEN","5.01","NIT_CMPS_KFP_0037",,,,,
"blank-filter","NITROGEN",,"NIT_CMPS_KFP_0038",,,,,
"COMPASS_Dec2021_031","NITROGEN","5.01","NIT_CMPS_KFP_0039",,,,,
"COMPASS_Dec2021_032","NITROGEN","4.98","NIT_CMPS_KFP_0040",,,,,
"COMPASS_Dec2021_033","NITROGEN","5.01","NIT_CMPS_KFP_0041",,,,,
"COMPASS_Dec2021_034","NITROGEN","5.01","NIT_CMPS_KFP_0042",,,,,
"COMPASS_Dec2021_035","NITROGEN","5.02","NIT_CMPS_KFP_0043",,,,,
"COMPASS_Dec2021_036","NITROGEN","5","NIT_CMPS_KFP_0044",,,,,
"COMPASS_Dec2021_037","NITROGEN","4.98","NIT_CMPS_KFP_0045",,,,,
"COMPASS_Dec2021_038","NITROGEN","5.02","NIT_CMPS_KFP_0046",,,,,
"COMPASS_Dec2021_039","NITROGEN","5.01","NIT_CMPS_KFP_0047",,,,,
"COMPASS_Dec2021_040","NITROGEN","5","NIT_CMPS_KFP_0048",,,,,
"rep-40","NITROGEN","5.02","NIT_CMPS_KFP_0049",,,,,
"blank-filter","NITROGEN",,"NIT_CMPS_KFP_0050",,,,,
"COMPASS_Dec2021_041","NITROGEN","4.98","NIT_CMPS_KFP_0051",,,,,
"COMPASS_Dec2021_042","NITROGEN","5.02","NIT_CMPS_KFP_0052",,,,,
"COMPASS_Dec2021_043","NITROGEN","5","NIT_CMPS_KFP_0053",,,,,
"COMPASS_Dec2021_044","NITROGEN","5","NIT_CMPS_KFP_0054",,,,,
"COMPASS_Dec2021_045","NITROGEN","4.98","NIT_CMPS_KFP_0055",,,,,
"COMPASS_Dec2021_046","NITROGEN","5","NIT_CMPS_KFP_0056",,,,,
"COMPASS_Dec2021_047","NITROGEN","5","NIT_CMPS_KFP_0057",,,,,
"COMPASS_Dec2021_048","NITROGEN","5.02","NIT_CMPS_KFP_0058",,,,,
"COMPASS_Dec2021_049","NITROGEN","5.02","NIT_CMPS_KFP_0059",,,,,
"COMPASS_Dec2021_050","NITROGEN","4.98","NIT_CMPS_KFP_0060",,,,,
"rep-50","NITROGEN","5.02","NIT_CMPS_KFP_0061",,,,,
"blank-filter","NITROGEN",,"NIT_CMPS_KFP_0062",,,,,
"COMPASS_Dec2021_051","NITROGEN","4.98","NIT_CMPS_KFP_0063",,,,,
"COMPASS_Dec2021_052","NITROGEN","5","NIT_CMPS_KFP_0064",,,,,
"COMPASS_Dec2021_053","NITROGEN","5.02","NIT_CMPS_KFP_0065",,,,,
"COMPASS_Dec2021_054","NITROGEN","4.99","NIT_CMPS_KFP_0066",,,,,
"COMPASS_Dec2021_055","NITROGEN","5","NIT_CMPS_KFP_0067",,,,,
"COMPASS_Dec2021_056","NITROGEN","4.98","NIT_CMPS_KFP_0068",,,,,
"COMPASS_Dec2021_057","NITROGEN","5.02","NIT_CMPS_KFP_0069",,,,,
"COMPASS_Dec2021_058","NITROGEN","5.01","NIT_CMPS_KFP_0070",,,,,
"COMPASS_Dec2021_059","NITROGEN","5.01","NIT_CMPS_KFP_0071",,,,,
"COMPASS_Dec2021_060","NITROGEN","5.01","NIT_CMPS_KFP_0072",,,,,
"rep-60","NITROGEN","4.98","NIT_CMPS_KFP_0073",,,,,
"blank-filter","NITROGEN",,"NIT_CMPS_KFP_0074",,,,,
"COMPASS_Dec2021_061","NITROGEN","4.99","NIT_CMPS_KFP_0075",,,,,
"COMPASS_Dec2021_062","NITROGEN","4.98","NIT_CMPS_KFP_0076",,,,,
"COMPASS_Dec2021_063","NITROGEN","5.01","NIT_CMPS_KFP_0077",,,,,
"COMPASS_Dec2021_064","NITROGEN","5.01","NIT_CMPS_KFP_0078",,,,,
"COMPASS_Dec2021_065","NITROGEN","5","NIT_CMPS_KFP_0079",,,,,
"COMPASS_Dec2021_066","NITROGEN","4.98","NIT_CMPS_KFP_0080",,,,,
"COMPASS_Dec2021_067","NITROGEN","4.99","NIT_CMPS_KFP_0081",,,,,
"COMPASS_Dec2021_068","NITROGEN","5.02","NIT_CMPS_KFP_0082",,,,,
"COMPASS_Dec2021_069","NITROGEN","5.02","NIT_CMPS_KFP_0083",,,,,
"COMPASS_Dec2021_070","NITROGEN","4.99","NIT_CMPS_KFP_0084",,,,,
"rep-70","NITROGEN","5.01","NIT_CMPS_KFP_0085",,,,,
"blank-filter","NITROGEN",,"NIT_CMPS_KFP_0086",,,,,
"COMPASS_Dec2021_071","NITROGEN","5.01","NIT_CMPS_KFP_0087",,,,,
"COMPASS_Dec2021_072","NITROGEN","5.01","NIT_CMPS_KFP_0088",,,,,
"COMPASS_Dec2021_073","NITROGEN","5.02","NIT_CMPS_KFP_0089",,,,,
"COMPASS_Dec2021_074","NITROGEN","5.02","NIT_CMPS_KFP_0090",,,,,
"COMPASS_Dec2021_075","NITROGEN","5","NIT_CMPS_KFP_0091",,,,,
"COMPASS_Dec2021_076","NITROGEN","5","NIT_CMPS_KFP_0092",,,,,
"COMPASS_Dec2021_077","NITROGEN","5.02","NIT_CMPS_KFP_0093",,,,,
"COMPASS_Dec2021_078","NITROGEN","4.99","NIT_CMPS_KFP_0094",,,,,
"COMPASS_Dec2021_079","NITROGEN","4.99","NIT_CMPS_KFP_0095",,,,,
"COMPASS_Dec2021_080","NITROGEN","4.98","NIT_CMPS_KFP_0096",,,,,
"rep-80","NITROGEN","4.99","NIT_CMPS_KFP_0097",,,,,
"blank-filter","NITROGEN",,"NIT_CMPS_KFP_0098",,,,,
"COMPASS_Dec2021_081","NITROGEN","5","NIT_CMPS_KFP_0099",,,,,
"COMPASS_Dec2021_082","NITROGEN","5","NIT_CMPS_KFP_0100",,,,,
"COMPASS_Dec2021_083","NITROGEN","5.01","NIT_CMPS_KFP_0101",,,,,
"COMPASS_Dec2021_084","NITROGEN","5.02","NIT_CMPS_KFP_0102",,,,,
"COMPASS_Dec2021_085","NITROGEN","5","NIT_CMPS_KFP_0103",,,,,
"COMPASS_Dec2021_086","NITROGEN","4.99","NIT_CMPS_KFP_0104",,,,,
"COMPASS_Dec2021_087","NITROGEN","4.99","NIT_CMPS_KFP_0105",,,,,
"COMPASS_Dec2021_088","NITROGEN","5.01","NIT_CMPS_KFP_0106",,,,,
"COMPASS_Dec2021_089","NITROGEN","5.02","NIT_CMPS_KFP_0107",,,,,
"COMPASS_Dec2021_090","NITROGEN","4.99","NIT_CMPS_KFP_0108",,,,,
"rep-90","NITROGEN","4.98","NIT_CMPS_KFP_0109",,,,,
"blank-filter","NITROGEN",,"NIT_CMPS_KFP_0110",,,,,
"COMPASS_Dec2021_091","NITROGEN","5","NIT_CMPS_KFP_0111",,,,,
"COMPASS_Dec2021_092","NITROGEN","4.99","NIT_CMPS_KFP_0112",,,,,
"COMPASS_Dec2021_093","NITROGEN","4.99","NIT_CMPS_KFP_0113",,,,,
"COMPASS_Dec2021_094","NITROGEN","5.01","NIT_CMPS_KFP_0114",,,,,
"COMPASS_Dec2021_095","NITROGEN","4.99","NIT_CMPS_KFP_0115",,,,,
"COMPASS_Dec2021_096","NITROGEN","4.98","NIT_CMPS_KFP_0116",,,,,
"COMPASS_Dec2021_097","NITROGEN","5.01","NIT_CMPS_KFP_0117",,,,,
"COMPASS_Dec2021_098","NITROGEN","4.99","NIT_CMPS_KFP_0118",,,,,
"COMPASS_Dec2021_099","NITROGEN","5.01","NIT_CMPS_KFP_0119",,,,,
"COMPASS_Dec2021_100","NITROGEN","5","NIT_CMPS_KFP_0120",,,,,
"blank-filter","NITROGEN",,"NIT_CMPS_KFP_0121",,,,,
"COMPASS_Dec2021_101","NITROGEN","4.99","NIT_CMPS_KFP_0122",,,,,
"COMPASS_Dec2021_102","NITROGEN","5.01","NIT_CMPS_KFP_0123",,,,,
"COMPASS_Dec2021_103","NITROGEN","4.99","NIT_CMPS_KFP_0124",,,,,
"COMPASS_Dec2021_106","NITROGEN","4.98","NIT_CMPS_KFP_0125",,,,,
"COMPASS_Dec2021_107","NITROGEN","5.01","NIT_CMPS_KFP_0126",,,,,
"COMPASS_Dec2021_108","NITROGEN","5.01","NIT_CMPS_KFP_0127",,,,,
"COMPASS_Dec2021_109","NITROGEN","5","NIT_CMPS_KFP_0128",,,,,
"COMPASS_Dec2021_110","NITROGEN","4.99","NIT_CMPS_KFP_0129",,,,,
"blank-filter","NITROGEN",,"NIT_CMPS_KFP_0130",,,,,
"blank-solution","NITROGEN",,"NIT_CMPS_KFP_0131",,,,,
"COMPASS_Dec2021_111","NITROGEN","4.98","NIT_CMPS_KFP_0132",,,,,
"COMPASS_Dec2021_112","NITROGEN","4.99","NIT_CMPS_KFP_0133",,,,,
"COMPASS_Dec2021_113","NITROGEN","5.02","NIT_CMPS_KFP_0134",,,,,
"COMPASS_Dec2021_114","NITROGEN","4.98","NIT_CMPS_KFP_0135",,,,,
"COMPASS_Dec2021_115","NITROGEN","5.02","NIT_CMPS_KFP_0136",,,,,
"COMPASS_Dec2021_116","NITROGEN","4.98","NIT_CMPS_KFP_0137",,,,,
"COMPASS_Dec2021_117","NITROGEN","4.99","NIT_CMPS_KFP_0138",,,,,
"COMPASS_Dec2021_118","NITROGEN","5","NIT_CMPS_KFP_0139",,,,,
"COMPASS_Dec2021_119","NITROGEN","5","NIT_CMPS_KFP_0140",,,,,
"COMPASS_Dec2021_120","NITROGEN","5.02","NIT_CMPS_KFP_0141",,,,,
"blank-filter","NITROGEN",,"NIT_CMPS_KFP_0142",,,,,
"blank-solution","NITROGEN",,"NIT_CMPS_KFP_0143",,,,,
,,,,,,,,
"COMPASS_Dec2021_001_vac","WSOC","7.99","DOC_CMPS_KFP_0001","2022-06-14","1","no dilution","WSOC-vacuum filtered",
"COMPASS_Dec2021_002_vac","WSOC","8.01","DOC_CMPS_KFP_0002","2022-06-14","1",,"WSOC-vacuum filtered",
"COMPASS_Dec2021_003_vac","WSOC","8","DOC_CMPS_KFP_0003","2022-06-14","1",,"WSOC-vacuum filtered",
"COMPASS_Dec2021_004_vac","WSOC","8.01","DOC_CMPS_KFP_0004","2022-06-14","1",,"WSOC-vacuum filtered",
"COMPASS_Dec2021_005_vac","WSOC","7.98","DOC_CMPS_KFP_0005","2022-06-14","1",,"WSOC-vacuum filtered",
"COMPASS_Dec2021_006_vac","WSOC","8.01","DOC_CMPS_KFP_0006","2022-06-14","1",,"WSOC-vacuum filtered",
"COMPASS_Dec2021_007_vac","WSOC","7.98","DOC_CMPS_KFP_0007","2022-06-14","1",,"WSOC-vacuum filtered",
"COMPASS_Dec2021_008_vac","WSOC","8","DOC_CMPS_KFP_0008","2022-06-14","1",,"WSOC-vacuum filtered",
"COMPASS_Dec2021_009_vac","WSOC","8.01","DOC_CMPS_KFP_0009","2022-06-14","1",,"WSOC-vacuum filtered",
"COMPASS_Dec2021_010_vac","WSOC","7.98","DOC_CMPS_KFP_0010","2022-06-14","1",,"WSOC-vacuum filtered",
"rep-2","WSOC","8","DOC_CMPS_KFP_0011","2022-06-14","1",,"WSOC-vacuum filtered",
"blank-filter","WSOC",,"DOC_CMPS_KFP_0012","2022-06-14","1",,"WSOC-vacuum filtered",
"blank-solution","WSOC",,"DOC_CMPS_KFP_0013","2022-06-14","1",,"WSOC-vacuum filtered",
"COMPASS_Dec2021_011_vac","WSOC","8.01","DOC_CMPS_KFP_0014","2022-06-14","1",,"WSOC-vacuum filtered",
"COMPASS_Dec2021_012_vac","WSOC","8","DOC_CMPS_KFP_0015","2022-06-14","1",,"WSOC-vacuum filtered",
"COMPASS_Dec2021_013_vac","WSOC","8","DOC_CMPS_KFP_0016","2022-06-14","1",,"WSOC-vacuum filtered",
"COMPASS_Dec2021_014_vac","WSOC","7.98","DOC_CMPS_KFP_0017","2022-06-14","1",,"WSOC-vacuum filtered",
"COMPASS_Dec2021_015_vac","WSOC","7.98","DOC_CMPS_KFP_0018","2022-06-14","1",,"WSOC-vacuum filtered",
"COMPASS_Dec2021_016_vac","WSOC","7.98","DOC_CMPS_KFP_0019","2022-06-14","1",,"WSOC-vacuum filtered",
"COMPASS_Dec2021_017_vac","WSOC","8.01","DOC_CMPS_KFP_0020","2022-06-14","1",,"WSOC-vacuum filtered",
"COMPASS_Dec2021_018_vac","WSOC","7.99","DOC_CMPS_KFP_0021","2022-06-14","1",,"WSOC-vacuum filtered",
"COMPASS_Dec2021_019_vac","WSOC","8.01","DOC_CMPS_KFP_0022","2022-06-14","1",,"WSOC-vacuum filtered",
"COMPASS_Dec2021_020_vac","WSOC","8.01","DOC_CMPS_KFP_0023","2022-06-14","1",,"WSOC-vacuum filtered",
"rep-12","WSOC","7.98","DOC_CMPS_KFP_0024","2022-06-14","1",,"WSOC-vacuum filtered",
"blank-filter","WSOC",,"DOC_CMPS_KFP_0025","2022-06-14","1",,"WSOC-vacuum filtered",
"blank-solution","WSOC",,"DOC_CMPS_KFP_0026","2022-06-14","1",,"WSOC-vacuum filtered",
"COMPASS_Dec2021_021","WSOC","8","DOC_CMPS_KFP_0027","2022-06-15","1",,,
"COMPASS_Dec2021_022","WSOC","8","DOC_CMPS_KFP_0028","2022-06-15","1",,,
"COMPASS_Dec2021_023","WSOC","8","DOC_CMPS_KFP_0029","2022-06-15","1",,,
"COMPASS_Dec2021_024","WSOC","7.99","DOC_CMPS_KFP_0030","2022-06-15","1",,,
"COMPASS_Dec2021_025","WSOC","7.99","DOC_CMPS_KFP_0031","2022-06-15","1",,,
"COMPASS_Dec2021_026","WSOC","7.99","DOC_CMPS_KFP_0032","2022-06-15","1",,,
"COMPASS_Dec2021_027","WSOC","8","DOC_CMPS_KFP_0033","2022-06-15","1",,,
"COMPASS_Dec2021_028","WSOC","8.02","DOC_CMPS_KFP_0034","2022-06-15","1",,,
"COMPASS_Dec2021_029","WSOC","7.99","DOC_CMPS_KFP_0035","2022-06-15","1",,,
"COMPASS_Dec2021_030","WSOC","7.99","DOC_CMPS_KFP_0036","2022-06-15","1",,,
"rep-22","WSOC","7.99","DOC_CMPS_KFP_0037","2022-06-15","1",,,
"blank-filter","WSOC",,"DOC_CMPS_KFP_0038","2022-06-15","1",,,
"blank-solution","WSOC",,"DOC_CMPS_KFP_0039","2022-06-15","1",,,
"COMPASS_Dec2021_031","WSOC","8.01","DOC_CMPS_KFP_0040","2022-06-15","1",,,
"COMPASS_Dec2021_032","WSOC","8.01","DOC_CMPS_KFP_0041","2022-06-15","1",,,
"COMPASS_Dec2021_033","WSOC","8.01","DOC_CMPS_KFP_0042","2022-06-15","1",,,
"COMPASS_Dec2021_034","WSOC","7.99","DOC_CMPS_KFP_0043","2022-06-15","1",,,
"COMPASS_Dec2021_035","WSOC","7.98","DOC_CMPS_KFP_0044","2022-06-15","1",,,
"COMPASS_Dec2021_036","WSOC","7.99","DOC_CMPS_KFP_0045","2022-06-15","1",,,
"COMPASS_Dec2021_037","WSOC","7.98","DOC_CMPS_KFP_0046","2022-06-15","1",,,
"COMPASS_Dec2021_038","WSOC","8","DOC_CMPS_KFP_0047","2022-06-15","1",,,
"COMPASS_Dec2021_039","WSOC","8.02","DOC_CMPS_KFP_0048","2022-06-15","1",,,
"COMPASS_Dec2021_040","WSOC","8","DOC_CMPS_KFP_0049","2022-06-15","1",,,
"rep-32","WSOC","7.99","DOC_CMPS_KFP_0050","2022-06-15","1",,,
"blank-filter","WSOC",,"DOC_CMPS_KFP_0051","2022-06-15","1",,,
"blank-solution","WSOC",,"DOC_CMPS_KFP_0052","2022-06-15","1",,,
"COMPASS_Dec2021_041","WSOC","7.98","DOC_CMPS_KFP_0053","2022-06-15","1",,,
"COMPASS_Dec2021_042","WSOC","8.02","DOC_CMPS_KFP_0054","2022-06-15","1",,,
"COMPASS_Dec2021_043","WSOC","8.01","DOC_CMPS_KFP_0055","2022-06-15","1",,,
"COMPASS_Dec2021_044","WSOC","7.98","DOC_CMPS_KFP_0056","2022-06-15","1",,,
"COMPASS_Dec2021_045","WSOC","7.99","DOC_CMPS_KFP_0057","2022-06-15","1",,,
"COMPASS_Dec2021_046","WSOC","7.98","DOC_CMPS_KFP_0058","2022-06-15","1",,,
"COMPASS_Dec2021_047","WSOC","8.02","DOC_CMPS_KFP_0059","2022-06-15","1",,,
"COMPASS_Dec2021_048","WSOC","8","DOC_CMPS_KFP_0060","2022-06-15","1",,,
"COMPASS_Dec2021_049","WSOC","8.01","DOC_CMPS_KFP_0061","2022-06-15","1",,,
"COMPASS_Dec2021_050","WSOC","8.01","DOC_CMPS_KFP_0062","2022-06-15","1",,,
"rep-42","WSOC","8","DOC_CMPS_KFP_0063","2022-06-15","1",,,
"blank-filter","WSOC",,"DOC_CMPS_KFP_0064","2022-06-15","1",,,
"blank-solution","WSOC",,"DOC_CMPS_KFP_0065","2022-06-15","1",,,
"COMPASS_Dec2021_051","WSOC","8.01","DOC_CMPS_KFP_0066","2022-06-15","1",,,
"COMPASS_Dec2021_052","WSOC","8","DOC_CMPS_KFP_0067","2022-06-15","1",,,
"COMPASS_Dec2021_053","WSOC","7.98","DOC_CMPS_KFP_0068","2022-06-15","1",,,
"COMPASS_Dec2021_054","WSOC","8","DOC_CMPS_KFP_0069","2022-06-15","1",,,
"COMPASS_Dec2021_055","WSOC","8.01","DOC_CMPS_KFP_0070","2022-06-15","1",,,
"COMPASS_Dec2021_056","WSOC","7.98","DOC_CMPS_KFP_0071","2022-06-15","1",,,
"COMPASS_Dec2021_057","WSOC","8","DOC_CMPS_KFP_0072","2022-06-15","1",,,
"COMPASS_Dec2021_058","WSOC","8.01","DOC_CMPS_KFP_0073","2022-06-15","1",,,
"COMPASS_Dec2021_059","WSOC","8.02","DOC_CMPS_KFP_0074","2022-06-15","1",,,
"COMPASS_Dec2021_060","WSOC","7.99","DOC_CMPS_KFP_0075","2022-06-15","1",,,
"rep-52","WSOC","8.01","DOC_CMPS_KFP_0076","2022-06-15","1",,,
"blank-filter","WSOC",,"DOC_CMPS_KFP_0077","2022-06-15","1",,,
"blank-solution","WSOC",,"DOC_CMPS_KFP_0078","2022-06-15","1",,,
"COMPASS_Dec2021_061","WSOC","8.02","DOC_CMPS_KFP_0079","2022-06-15","1",,,
"COMPASS_Dec2021_062","WSOC","8.01","DOC_CMPS_KFP_0080","2022-06-15","1",,,
"COMPASS_Dec2021_063","WSOC","7.98","DOC_CMPS_KFP_0081","2022-06-15","1",,,
"COMPASS_Dec2021_064","WSOC","8.02","DOC_CMPS_KFP_0082","2022-06-15","1",,,
"COMPASS_Dec2021_065","WSOC","7.98","DOC_CMPS_KFP_0083","2022-06-15","1",,,
"COMPASS_Dec2021_066","WSOC","8.01","DOC_CMPS_KFP_0084","2022-06-15","1",,,
"COMPASS_Dec2021_067","WSOC","8.02","DOC_CMPS_KFP_0085","2022-06-15","1",,,
"COMPASS_Dec2021_068","WSOC","8.01","DOC_CMPS_KFP_0086","2022-06-15","1",,,
"COMPASS_Dec2021_069","WSOC","7.98","DOC_CMPS_KFP_0087","2022-06-15","1",,,
"COMPASS_Dec2021_070","WSOC","8","DOC_CMPS_KFP_0088","2022-06-15","1",,,
"rep-62","WSOC","7.99","DOC_CMPS_KFP_0089","2022-06-15","1",,,
"blank-filter","WSOC",,"DOC_CMPS_KFP_0090","2022-06-15","1",,,
"blank-solution","WSOC",,"DOC_CMPS_KFP_0091","2022-06-15","1",,,
"COMPASS_Dec2021_071","WSOC","8.01","DOC_CMPS_KFP_0092","2022-06-15","1",,,
"COMPASS_Dec2021_072","WSOC","8.01","DOC_CMPS_KFP_0093","2022-06-15","1",,,
"COMPASS_Dec2021_073","WSOC","8.02","DOC_CMPS_KFP_0094","2022-06-15","1",,,
"COMPASS_Dec2021_074","WSOC","8.01","DOC_CMPS_KFP_0095","2022-06-15","1",,,
"COMPASS_Dec2021_075","WSOC","7.99","DOC_CMPS_KFP_0096","2022-06-15","1",,,
"COMPASS_Dec2021_076","WSOC","8.02","DOC_CMPS_KFP_0097","2022-06-15","1",,,
"COMPASS_Dec2021_077","WSOC","7.99","DOC_CMPS_KFP_0098","2022-06-15","1",,,
"COMPASS_Dec2021_078","WSOC","7.99","DOC_CMPS_KFP_0099","2022-06-15","1",,,
"COMPASS_Dec2021_079","WSOC","8.01","DOC_CMPS_KFP_0100","2022-06-15","1",,,
"COMPASS_Dec2021_080","WSOC","7.99","DOC_CMPS_KFP_0101","2022-06-15","1",,,
"rep-72","WSOC","8.01","DOC_CMPS_KFP_0102","2022-06-15","1",,,
"blank-filter","WSOC",,"DOC_CMPS_KFP_0103","2022-06-15","1",,,
"blank-solution","WSOC",,"DOC_CMPS_KFP_0104","2022-06-15","1",,,
"COMPASS_Dec2021_081","WSOC","7.98","DOC_CMPS_KFP_0105","2022-06-15","1",,,
"COMPASS_Dec2021_082","WSOC","8.02","DOC_CMPS_KFP_0106","2022-06-15","1",,,
"COMPASS_Dec2021_083","WSOC","8.02","DOC_CMPS_KFP_0107","2022-06-15","1",,,
"COMPASS_Dec2021_084","WSOC","8.02","DOC_CMPS_KFP_0108","2022-06-15","1",,,
"COMPASS_Dec2021_085","WSOC","8.02","DOC_CMPS_KFP_0109","2022-06-15","1",,,
"COMPASS_Dec2021_086","WSOC","8","DOC_CMPS_KFP_0110","2022-06-15","1",,,
"COMPASS_Dec2021_087","WSOC","7.99","DOC_CMPS_KFP_0111","2022-06-15","1",,,
"COMPASS_Dec2021_088","WSOC","8.02","DOC_CMPS_KFP_0112","2022-06-15","1",,,
"COMPASS_Dec2021_089","WSOC","8.02","DOC_CMPS_KFP_0113","2022-06-15","1",,,
"COMPASS_Dec2021_090","WSOC","7.99","DOC_CMPS_KFP_0114","2022-06-15","1",,,
"rep-82","WSOC","7.98","DOC_CMPS_KFP_0115","2022-06-15","1",,,
"blank-filter","WSOC",,"DOC_CMPS_KFP_0116","2022-06-15","1",,,
"blank-solution","WSOC",,"DOC_CMPS_KFP_0117","2022-06-15","1",,,
"COMPASS_Dec2021_091","WSOC","7.99","DOC_CMPS_KFP_0118","2022-06-15","1",,,
"COMPASS_Dec2021_092","WSOC","8.02","DOC_CMPS_KFP_0119","2022-06-15","1",,,
"COMPASS_Dec2021_093","WSOC","8.02","DOC_CMPS_KFP_0120","2022-06-15","1",,,
"COMPASS_Dec2021_094","WSOC","8","DOC_CMPS_KFP_0121","2022-06-15","1",,,
"COMPASS_Dec2021_095","WSOC","7.99","DOC_CMPS_KFP_0122","2022-06-15","1",,,
"COMPASS_Dec2021_096","WSOC","8.02","DOC_CMPS_KFP_0123","2022-06-15","1",,,
"COMPASS_Dec2021_097","WSOC","7.99","DOC_CMPS_KFP_0124","2022-06-15","1",,,
"COMPASS_Dec2021_098","WSOC","8","DOC_CMPS_KFP_0125","2022-06-15","1",,,
"COMPASS_Dec2021_099","WSOC","8","DOC_CMPS_KFP_0126","2022-06-15","1",,,
"COMPASS_Dec2021_100","WSOC","7.98","DOC_CMPS_KFP_0127","2022-06-15","1",,,
"rep-92","WSOC","8.02","DOC_CMPS_KFP_0128","2022-06-15","1",,,
"blank-filter","WSOC",,"DOC_CMPS_KFP_0129","2022-06-15","1",,,
"blank-solution","WSOC",,"DOC_CMPS_KFP_0130","2022-06-15","1",,,
"COMPASS_Dec2021_101","WSOC","7.99","DOC_CMPS_KFP_0131","2022-06-15","1",,,
"COMPASS_Dec2021_102","WSOC","8","DOC_CMPS_KFP_0132","2022-06-15","1",,,
"COMPASS_Dec2021_103","WSOC","8.01","DOC_CMPS_KFP_0133","2022-06-15","1",,,
"COMPASS_Dec2021_106","WSOC","7.99","DOC_CMPS_KFP_0134","2022-06-15","1",,,
"COMPASS_Dec2021_107","WSOC","8.01","DOC_CMPS_KFP_0135","2022-06-15","1",,"final extract very yellow",
"COMPASS_Dec2021_108","WSOC","7.98","DOC_CMPS_KFP_0136","2022-06-15","1",,"final extract very yellow",
"COMPASS_Dec2021_109","WSOC","8.02","DOC_CMPS_KFP_0137","2022-06-15","1",,"final extract very yellow",
"COMPASS_Dec2021_110","WSOC","7.98","DOC_CMPS_KFP_0138","2022-06-15","1",,,
"blank-filter","WSOC",,"DOC_CMPS_KFP_0139","2022-06-15","1",,,
"blank-solution","WSOC",,"DOC_CMPS_KFP_0140","2022-06-15","1",,,
"COMPASS_Dec2021_111","WSOC","8.01","DOC_CMPS_KFP_0141","2022-06-15","1",,,
"COMPASS_Dec2021_112","WSOC","8.02","DOC_CMPS_KFP_0142","2022-06-15","1",,,
"COMPASS_Dec2021_113","WSOC","8","DOC_CMPS_KFP_0143","2022-06-15","1",,,
"COMPASS_Dec2021_114","WSOC","7.99","DOC_CMPS_KFP_0144","2022-06-15","1",,,
"COMPASS_Dec2021_115","WSOC","8.02","DOC_CMPS_KFP_0145","2022-06-15","1",,,
"COMPASS_Dec2021_116","WSOC","8","DOC_CMPS_KFP_0146","2022-06-15","1",,,
"COMPASS_Dec2021_117","WSOC","8.02","DOC_CMPS_KFP_0147","2022-06-15","1",,,
"COMPASS_Dec2021_118","WSOC","7.98","DOC_CMPS_KFP_0148","2022-06-15","1",,,
"COMPASS_Dec2021_119","WSOC","8","DOC_CMPS_KFP_0149","2022-06-15","1",,,
"COMPASS_Dec2021_120","WSOC","8.02","DOC_CMPS_KFP_0150","2022-06-15","1",,,
"blank-filter","WSOC",,"DOC_CMPS_KFP_0151","2022-06-15","1",,,
"blank-solution","WSOC",,"DOC_CMPS_KFP_0152","2022-06-15","1",,,
"COMPASS_Dec2021_001","WSOC",,"DOC_CMPS_KFP_0153","2022-06-16","1",,"WSOC-syringe filtered",
"COMPASS_Dec2021_002","WSOC",,"DOC_CMPS_KFP_0154","2022-06-16","1",,"WSOC-syringe filtered",
"COMPASS_Dec2021_003","WSOC",,"DOC_CMPS_KFP_0155","2022-06-16","1",,"WSOC-syringe filtered",
"COMPASS_Dec2021_004","WSOC",,"DOC_CMPS_KFP_0156","2022-06-16","1",,"WSOC-syringe filtered",
"COMPASS_Dec2021_005","WSOC",,"DOC_CMPS_KFP_0157","2022-06-16","1",,"WSOC-syringe filtered",
"COMPASS_Dec2021_006","WSOC",,"DOC_CMPS_KFP_0158","2022-06-16","1",,"WSOC-syringe filtered",
"COMPASS_Dec2021_007","WSOC",,"DOC_CMPS_KFP_0159","2022-06-16","1",,"WSOC-syringe filtered",
"COMPASS_Dec2021_008","WSOC",,"DOC_CMPS_KFP_0160","2022-06-16","1",,"WSOC-syringe filtered",
"COMPASS_Dec2021_009","WSOC",,"DOC_CMPS_KFP_0161","2022-06-16","1",,"WSOC-syringe filtered",
"COMPASS_Dec2021_010","WSOC",,"DOC_CMPS_KFP_0162","2022-06-16","1",,"WSOC-syringe filtered",
"blank-filter","WSOC",,"DOC_CMPS_KFP_0163","2022-06-16","1",,"WSOC-syringe filtered",
"blank-solution","WSOC",,"DOC_CMPS_KFP_0164","2022-06-16","1",,"WSOC-syringe filtered",
"COMPASS_Dec2021_011","WSOC",,"DOC_CMPS_KFP_0165","2022-06-16","1",,"WSOC-syringe filtered",
"COMPASS_Dec2021_012","WSOC",,"DOC_CMPS_KFP_0166","2022-06-16","1",,"WSOC-syringe filtered",
"COMPASS_Dec2021_013","WSOC",,"DOC_CMPS_KFP_0167","2022-06-16","1",,"WSOC-syringe filtered",
"COMPASS_Dec2021_014","WSOC",,"DOC_CMPS_KFP_0168","2022-06-16","1",,"WSOC-syringe filtered",
"COMPASS_Dec2021_015","WSOC",,"DOC_CMPS_KFP_0169","2022-06-16","1",,"WSOC-syringe filtered",
"COMPASS_Dec2021_016","WSOC",,"DOC_CMPS_KFP_0170","2022-06-16","1",,"WSOC-syringe filtered",
"COMPASS_Dec2021_017","WSOC",,"DOC_CMPS_KFP_0171","2022-06-16","1",,"WSOC-syringe filtered",
"COMPASS_Dec2021_018","WSOC",,"DOC_CMPS_KFP_0172","2022-06-16","1",,"WSOC-syringe filtered",
"COMPASS_Dec2021_019","WSOC",,"DOC_CMPS_KFP_0173","2022-06-16","1",,"WSOC-syringe filtered",
"COMPASS_Dec2021_020","WSOC",,"DOC_CMPS_KFP_0174","2022-06-16","1",,"WSOC-syringe filtered",
"blank-filter","WSOC",,"DOC_CMPS_KFP_0175","2022-06-16","1",,"WSOC-syringe filtered",
"blank-solution","WSOC",,"DOC_CMPS_KFP_0176","2022-06-16","1",,"WSOC-syringe filtered",
,,"Target 1.5 g",,,,,,
"COMPASS_Dec2021_001","pH","1.48",,,,,,
"COMPASS_Dec2021_002","pH","1.49",,,,,,
"COMPASS_Dec2021_003","pH","1.5",,,,,,
"COMPASS_Dec2021_004","pH","1.51",,,,,,
"COMPASS_Dec2021_005","pH","1.5",,,,,,
"COMPASS_Dec2021_006","pH","1.5",,,,,,
"COMPASS_Dec2021_007","pH","1.51",,,,,,
"COMPASS_Dec2021_008","pH","1.52",,,,,,
"COMPASS_Dec2021_009","pH","1.51",,,,,,
"COMPASS_Dec2021_010","pH","1.48",,,,,,
"COMPASS_Dec2021_011","pH","1.49",,,,,,
"COMPASS_Dec2021_012","pH","1.49",,,,,,
"COMPASS_Dec2021_013","pH","1.51",,,,,,
"COMPASS_Dec2021_014","pH","1.49",,,,,,
"COMPASS_Dec2021_015","pH","1.51",,,,,,
"COMPASS_Dec2021_016","pH","1.49",,,,,,
"COMPASS_Dec2021_017","pH","1.5",,,,,,
"COMPASS_Dec2021_018","pH","1.49",,,,,,
"COMPASS_Dec2021_019","pH","1.48",,,,,,
"COMPASS_Dec2021_020","pH","1.46",,,,,,
"COMPASS_Dec2021_021","pH","1.5",,,,,,
"COMPASS_Dec2021_022","pH","1.42",,,,,,
"COMPASS_Dec2021_023","pH","1.5",,,,,,
"COMPASS_Dec2021_024","pH","1.49",,,,,,
"COMPASS_Dec2021_025","pH","1.25",,,,,,
"COMPASS_Dec2021_026","pH","1.48",,,,,,
"COMPASS_Dec2021_027","pH","1.49",,,,,,
"COMPASS_Dec2021_028","pH","1.49",,,,,,
"COMPASS_Dec2021_029","pH","1.49",,,,,,
"COMPASS_Dec2021_030","pH","1.52",,,,,,
"COMPASS_Dec2021_031","pH","1.5",,,,,,
"COMPASS_Dec2021_032","pH","1.48",,,,,,
"COMPASS_Dec2021_033","pH","1.48",,,,,,
"COMPASS_Dec2021_034","pH","1.49",,,,,,
"COMPASS_Dec2021_035","pH","1.51",,,,,,
"COMPASS_Dec2021_036","pH","1.49",,,,,,
"COMPASS_Dec2021_037","pH","1.5",,,,,,
"COMPASS_Dec2021_038","pH","1.51",,,,,,
"COMPASS_Dec2021_039","pH","1.48",,,,,,
"COMPASS_Dec2021_040","pH","1.48",,,,,,
"COMPASS_Dec2021_041","pH","1.51",,,,,,
"COMPASS_Dec2021_042","pH","1.48",,,,,,
"COMPASS_Dec2021_043","pH","1.49",,,,,,
"COMPASS_Dec2021_044","pH","1.5",,,,,,
"COMPASS_Dec2021_045","pH","1.48",,,,,,
"COMPASS_Dec2021_046","pH","1.52",,,,,,
"COMPASS_Dec2021_047","pH","1.52",,,,,,
"COMPASS_Dec2021_048","pH","1.51",,,,,,
"COMPASS_Dec2021_049","pH","1.52",,,,,,
"COMPASS_Dec2021_050","pH","1.48",,,,,,
"COMPASS_Dec2021_051","pH","1.51",,,,,,
"COMPASS_Dec2021_052","pH","1.49",,,,,,
"COMPASS_Dec2021_053","pH","1.47",,,,,,
"COMPASS_Dec2021_054","pH","1.51",,,,,,
"COMPASS_Dec2021_055","pH","1.52",,,,,,
"COMPASS_Dec2021_056","pH","1.51",,,,,,
"COMPASS_Dec2021_057","pH","1.52",,,,,,
"COMPASS_Dec2021_058","pH","1.51",,,,,,
"COMPASS_Dec2021_059","pH","1.52",,,,,,
"COMPASS_Dec2021_060","pH","1.5",,,,,,
"COMPASS_Dec2021_061","pH","1.48",,,,,,
"COMPASS_Dec2021_062","pH","1.51",,,,,,
"COMPASS_Dec2021_063","pH","1.48",,,,,,
"COMPASS_Dec2021_064","pH","1.48",,,,,,
"COMPASS_Dec2021_065","pH","1.52",,,,,,
"COMPASS_Dec2021_066","pH","1.51",,,,,,
"COMPASS_Dec2021_067","pH","1.52",,,,,,
"COMPASS_Dec2021_068","pH","1.51",,,,,,
"COMPASS_Dec2021_069","pH","1.48",,,,,,
"COMPASS_Dec2021_070","pH","1.52",,,,,,
"COMPASS_Dec2021_071","pH","1.49",,,,,,
"COMPASS_Dec2021_072","pH","1.48",,,,,,
"COMPASS_Dec2021_073","pH","1.51",,,,,,
"COMPASS_Dec2021_074","pH","1.51",,,,,,
"COMPASS_Dec2021_075","pH","1.49",,,,,,
"COMPASS_Dec2021_076","pH","1.5",,,,,,
"COMPASS_Dec2021_077","pH","1.49",,,,,,
"COMPASS_Dec2021_078","pH","1.48",,,,,,
"COMPASS_Dec2021_079","pH","1.51",,,,,,
"COMPASS_Dec2021_080","pH","1.48",,,,,,
"COMPASS_Dec2021_081","pH","1.5",,,,,,
"COMPASS_Dec2021_082","pH","1.5",,,,,,
"COMPASS_Dec2021_083","pH","1.49",,,,,,
"COMPASS_Dec2021_084","pH","1.52",,,,,,
"COMPASS_Dec2021_085","pH","1.51",,,,,,
"COMPASS_Dec2021_086","pH","1.51",,,,,,
"COMPASS_Dec2021_087","pH","1.52",,,,,,
"COMPASS_Dec2021_088","pH","1.48",,,,,,
"COMPASS_Dec2021_089","pH","1.5",,,,,,
"COMPASS_Dec2021_090","pH","1.49",,,,,,
"COMPASS_Dec2021_091","pH","1.52",,,,,,
"COMPASS_Dec2021_092","pH","1.51",,,,,,
"COMPASS_Dec2021_093","pH","1.48",,,,,,
"COMPASS_Dec2021_094","pH","1.49",,,,,,
"COMPASS_Dec2021_095","pH","1.48",,,,,,
"COMPASS_Dec2021_096","pH","1.51",,,,,,
"COMPASS_Dec2021_097","pH","1.49",,,,,,
"COMPASS_Dec2021_098","pH","1.5",,,,,,
"COMPASS_Dec2021_099","pH","1.49",,,,,,
"COMPASS_Dec2021_100","pH","1.51",,,,,,
"COMPASS_Dec2021_101","pH","1.52",,,,,,
"COMPASS_Dec2021_102","pH","1.5",,,,,,
"COMPASS_Dec2021_103","pH",,,,,,,
"COMPASS_Dec2021_104","pH",,,,,,,
"COMPASS_Dec2021_105","pH",,,,,,,
"COMPASS_Dec2021_106","pH",,,,,,,
"COMPASS_Dec2021_107","pH","1.51",,,,,,
"COMPASS_Dec2021_108","pH","1.48",,,,,,
"COMPASS_Dec2021_109","pH","1.49",,,,,,
"COMPASS_Dec2021_110","pH","1.48",,,,,,
"COMPASS_Dec2021_111","pH","1.5",,,,,,
"COMPASS_Dec2021_112","pH","1.5",,,,,,
"COMPASS_Dec2021_113","pH","1.49",,,,,,
"COMPASS_Dec2021_114","pH","1.52",,,,,,
"COMPASS_Dec2021_115","pH","1.49",,,,,,
"COMPASS_Dec2021_116","pH",,,,,,,
"COMPASS_Dec2021_117","pH","1.51",,,,,,
"COMPASS_Dec2021_118","pH","1.5",,,,,,
"COMPASS_Dec2021_119","pH","1.52",,,,,,
"COMPASS_Dec2021_120","pH","1.52",,,,,,
,,,,,,,,
,,,,,,,,
"COMPASS_May22_129","NITROGEN","5.01","NIT_CMPS_KFP_0144",,,,,
"COMPASS_May22_130","NITROGEN","5","NIT_CMPS_KFP_0145",,,,,
"COMPASS_May22_131","NITROGEN","4.99","NIT_CMPS_KFP_0146",,,,,
"COMPASS_May22_132","NITROGEN","5","NIT_CMPS_KFP_0147",,,,,
"COMPASS_May22_133","NITROGEN","5.01","NIT_CMPS_KFP_0148",,,,,
"COMPASS_May22_134","NITROGEN","4.99","NIT_CMPS_KFP_0149",,,,,
"COMPASS_May22_135","NITROGEN","5","NIT_CMPS_KFP_0150",,,,,
"COMPASS_May22_136","NITROGEN","5","NIT_CMPS_KFP_0151",,,,,
"COMPASS_May22_137","NITROGEN","5.02","NIT_CMPS_KFP_0152",,,,,
"COMPASS_May22_138","NITROGEN","5.01","NIT_CMPS_KFP_0153",,,,,
"COMPASS_May22_139","NITROGEN","5","NIT_CMPS_KFP_0154",,,,,
"COMPASS_May22_140","NITROGEN","5.02","NIT_CMPS_KFP_0155",,,,,
"COMPASS_May22_141","NITROGEN","4.99","NIT_CMPS_KFP_0156",,,,,
"COMPASS_May22_142","NITROGEN","5","NIT_CMPS_KFP_0157",,,,,
"COMPASS_May22_143","NITROGEN","5","NIT_CMPS_KFP_0158",,,,,
"COMPASS_May22_144","NITROGEN","4.99","NIT_CMPS_KFP_0159",,,,,
"rep-142","NITROGEN","4.99","NIT_CMPS_KFP_0160",,,,,
"blank - filter","NITROGEN",,"NIT_CMPS_KFP_0161",,,,,
"blank - solution","NITROGEN",,"NIT_CMPS_KFP_0162",,,,,
"COMPASS_May22_145","NITROGEN","4.98","NIT_CMPS_KFP_0163",,,,,
"COMPASS_May22_146","NITROGEN","4.98","NIT_CMPS_KFP_0164",,,,,
"COMPASS_May22_147","NITROGEN","4.98","NIT_CMPS_KFP_0165",,,,,
"COMPASS_May22_148","NITROGEN","5","NIT_CMPS_KFP_0166",,,,,
"COMPASS_May22_149","NITROGEN","5","NIT_CMPS_KFP_0167",,,,,
"COMPASS_May22_150","NITROGEN","4.99","NIT_CMPS_KFP_0168",,,,,
"COMPASS_May22_151","NITROGEN","5","NIT_CMPS_KFP_0169",,,,,
"COMPASS_May22_152","NITROGEN","5.02","NIT_CMPS_KFP_0170",,,,,
"COMPASS_May22_153","NITROGEN","5.02","NIT_CMPS_KFP_0171",,,,,
"COMPASS_May22_154","NITROGEN","5","NIT_CMPS_KFP_0172",,,,,
"COMPASS_May22_155","NITROGEN","5.02","NIT_CMPS_KFP_0173",,,,,
"COMPASS_May22_156","NITROGEN","5","NIT_CMPS_KFP_0174",,,,,
"COMPASS_May22_157","NITROGEN","5","NIT_CMPS_KFP_0175",,,,,
"COMPASS_May22_158","NITROGEN","5","NIT_CMPS_KFP_0176",,,,,
"COMPASS_May22_159","NITROGEN","5.02","NIT_CMPS_KFP_0177",,,,,
"COMPASS_May22_160","NITROGEN","5","NIT_CMPS_KFP_0178",,,,,
"COMPASS_May22_161","NITROGEN","5.01","NIT_CMPS_KFP_0179",,,,,
"COMPASS_May22_162","NITROGEN","4.98","NIT_CMPS_KFP_0180",,,,,
"COMPASS_May22_163","NITROGEN","4.98","NIT_CMPS_KFP_0181",,,,,
"COMPASS_May22_164","NITROGEN","5.01","NIT_CMPS_KFP_0182",,,,,
"COMPASS_May22_165","NITROGEN","5.01","NIT_CMPS_KFP_0183",,,,,
"COMPASS_May22_166","NITROGEN","4.99","NIT_CMPS_KFP_0184",,,,,
"COMPASS_May22_167","NITROGEN","4.98","NIT_CMPS_KFP_0185",,,,,
"COMPASS_May22_168","NITROGEN","4.99","NIT_CMPS_KFP_0186",,,,,
"COMPASS_May22_169","NITROGEN","5.01","NIT_CMPS_KFP_0187",,,,,
"COMPASS_May22_170","NITROGEN","5","NIT_CMPS_KFP_0188",,,,,
"COMPASS_May22_171","NITROGEN","5.01","NIT_CMPS_KFP_0189",,,,,
"rep-168","NITROGEN","4.99","NIT_CMPS_KFP_0190",,,,,
"blank - filter","NITROGEN",,"NIT_CMPS_KFP_0191",,,,,
"blank - solution","NITROGEN",,"NIT_CMPS_KFP_0192",,,,,
"COMPASS_May22_172","NITROGEN","4.99","NIT_CMPS_KFP_0193",,,,,
"COMPASS_May22_173","NITROGEN","5.01","NIT_CMPS_KFP_0194",,,,,
"COMPASS_May22_174","NITROGEN","4.99","NIT_CMPS_KFP_0195",,,,,
"COMPASS_May22_175","NITROGEN","5","NIT_CMPS_KFP_0196",,,,,
"COMPASS_May22_176","NITROGEN","5","NIT_CMPS_KFP_0197",,,,,
"COMPASS_May22_177","NITROGEN","5","NIT_CMPS_KFP_0198",,,,,
"COMPASS_May22_178","NITROGEN","5","NIT_CMPS_KFP_0199",,,,,
"COMPASS_May22_179","NITROGEN","5","NIT_CMPS_KFP_0200",,,,,
"COMPASS_May22_180","NITROGEN","5.01","NIT_CMPS_KFP_0201",,,,,
"COMPASS_May22_181","NITROGEN","5.02","NIT_CMPS_KFP_0202",,,,,
"COMPASS_May22_182","NITROGEN","5.01","NIT_CMPS_KFP_0203",,,,,
"COMPASS_May22_183","NITROGEN","5.02","NIT_CMPS_KFP_0204",,,,,
"COMPASS_May22_184","NITROGEN","4.99","NIT_CMPS_KFP_0205",,,,,
"COMPASS_May22_185","NITROGEN","5","NIT_CMPS_KFP_0206",,,,,
"COMPASS_May22_186","NITROGEN","5.01","NIT_CMPS_KFP_0207",,,,,
"COMPASS_May22_187","NITROGEN","5.01","NIT_CMPS_KFP_0208",,,,,
"rep-186","NITROGEN","5.01","NIT_CMPS_KFP_0209",,,,,
"blank - filter","NITROGEN",,"NIT_CMPS_KFP_0210",,,,,
"COMPASS_May22_188","NITROGEN","5.02","NIT_CMPS_KFP_0211",,,,,
"COMPASS_May22_189","NITROGEN","4.99","NIT_CMPS_KFP_0212",,,,,
"COMPASS_May22_190","NITROGEN","5","NIT_CMPS_KFP_0213",,,,,
"COMPASS_May22_191","NITROGEN","4.99","NIT_CMPS_KFP_0214",,,,,
"COMPASS_May22_192","NITROGEN","5.01","NIT_CMPS_KFP_0215",,,,,
"COMPASS_May22_193","NITROGEN","4.99","NIT_CMPS_KFP_0216",,,,,
"COMPASS_May22_194","NITROGEN","5","NIT_CMPS_KFP_0217",,,,,
"COMPASS_May22_195","NITROGEN","5","NIT_CMPS_KFP_0218",,,,,
"COMPASS_May22_196","NITROGEN","5","NIT_CMPS_KFP_0219",,,,,
"COMPASS_May22_197","NITROGEN","5.01","NIT_CMPS_KFP_0220",,,,,
"COMPASS_May22_198","NITROGEN","5","NIT_CMPS_KFP_0221",,,,,
"COMPASS_May22_199","NITROGEN","5.01","NIT_CMPS_KFP_0222",,,,,
"COMPASS_May22_200","NITROGEN","5","NIT_CMPS_KFP_0223",,,,,
"COMPASS_May22_201","NITROGEN","5.02","NIT_CMPS_KFP_0224",,,,,
"COMPASS_May22_202","NITROGEN","5","NIT_CMPS_KFP_0225",,,,,
"COMPASS_May22_203","NITROGEN","5.01","NIT_CMPS_KFP_0226",,,,,
"COMPASS_May22_204","NITROGEN","5","NIT_CMPS_KFP_0227",,,,,
"COMPASS_May22_206","NITROGEN","5.02","NIT_CMPS_KFP_0228",,,,,
"COMPASS_May22_207","NITROGEN","5.01","NIT_CMPS_KFP_0229",,,,,
"COMPASS_May22_208","NITROGEN","5","NIT_CMPS_KFP_0230",,,,,
"COMPASS_May22_209","NITROGEN","5.01","NIT_CMPS_KFP_0231",,,,,
"COMPASS_May22_210","NITROGEN","5","NIT_CMPS_KFP_0232",,,,,
"COMPASS_May22_211","NITROGEN","5","NIT_CMPS_KFP_0233",,,,,
"COMPASS_May22_212","NITROGEN","5.02","NIT_CMPS_KFP_0234",,,,,
"COMPASS_May22_214","NITROGEN","4.99","NIT_CMPS_KFP_0235",,,,,
"rep-212","NITROGEN","4.98","NIT_CMPS_KFP_0236",,,,,
"blank - filter","NITROGEN",,"NIT_CMPS_KFP_0237",,,,,
"blank - solution","NITROGEN",,"NIT_CMPS_KFP_0238",,,,,
,,,,,,,,
"COMPASS_May22_129","CATIONS","5","CAT_CMPS_KFP_0143",,,,,
"COMPASS_May22_130","CATIONS","4.99","CAT_CMPS_KFP_0144",,,,,
"COMPASS_May22_131","CATIONS","4.99","CAT_CMPS_KFP_0145",,,,,
"COMPASS_May22_132","CATIONS","4.98","CAT_CMPS_KFP_0146",,,,,
"COMPASS_May22_133","CATIONS","5.02","CAT_CMPS_KFP_0147",,,,,
"COMPASS_May22_134","CATIONS","4.98","CAT_CMPS_KFP_0148",,,,,
"COMPASS_May22_135","CATIONS","5","CAT_CMPS_KFP_0149",,,,,
"COMPASS_May22_136","CATIONS","4.99","CAT_CMPS_KFP_0150",,,,,
"COMPASS_May22_137","CATIONS","4.99","CAT_CMPS_KFP_0151",,,,,
"COMPASS_May22_138","CATIONS","4.98","CAT_CMPS_KFP_0152",,,,,
"COMPASS_May22_139","CATIONS","5.01","CAT_CMPS_KFP_0153",,,,,
"COMPASS_May22_140","CATIONS","5","CAT_CMPS_KFP_0154",,,,,
"COMPASS_May22_141","CATIONS","5","CAT_CMPS_KFP_0155",,,,,
"COMPASS_May22_142","CATIONS","4.98","CAT_CMPS_KFP_0156",,,,,
"COMPASS_May22_143","CATIONS","5.01","CAT_CMPS_KFP_0157",,,,,
"COMPASS_May22_144","CATIONS","4.98","CAT_CMPS_KFP_0158",,,,,
"rep-138","CATIONS","4.99","CAT_CMPS_KFP_0159",,,,,
"blank - filter",,,"CAT_CMPS_KFP_0160",,,,,
"blank - solution",,,"CAT_CMPS_KFP_0161",,,,,
"COMPASS_May22_145","CATIONS","5.01","CAT_CMPS_KFP_0162",,,,,
"COMPASS_May22_146","CATIONS","5.02","CAT_CMPS_KFP_0163",,,,,
"COMPASS_May22_147","CATIONS","5.01","CAT_CMPS_KFP_0164",,,,,
"COMPASS_May22_148","CATIONS","5.02","CAT_CMPS_KFP_0165",,,,,
"COMPASS_May22_149","CATIONS","5","CAT_CMPS_KFP_0166",,,,,
"COMPASS_May22_150","CATIONS","5.01","CAT_CMPS_KFP_0167",,,,,
"COMPASS_May22_151","CATIONS","5.01","CAT_CMPS_KFP_0168",,,,,
"COMPASS_May22_152","CATIONS","5.02","CAT_CMPS_KFP_0169",,,,,
"COMPASS_May22_153","CATIONS","5.01","CAT_CMPS_KFP_0170",,,,,
"COMPASS_May22_154","CATIONS","5","CAT_CMPS_KFP_0171",,,,,
"COMPASS_May22_155","CATIONS","4.98","CAT_CMPS_KFP_0172",,,,,
"COMPASS_May22_156","CATIONS","4.98","CAT_CMPS_KFP_0173",,,,,
"COMPASS_May22_157","CATIONS","5","CAT_CMPS_KFP_0174",,,,,
"COMPASS_May22_158","CATIONS","5","CAT_CMPS_KFP_0175",,,,,
"COMPASS_May22_159","CATIONS","5","CAT_CMPS_KFP_0176",,,,,
"COMPASS_May22_160","CATIONS","5.02","CAT_CMPS_KFP_0177",,,,,
"COMPASS_May22_161","CATIONS","5.01","CAT_CMPS_KFP_0178",,,,,
"COMPASS_May22_162","CATIONS","5.01","CAT_CMPS_KFP_0179",,,,,
"COMPASS_May22_163","CATIONS","5.02","CAT_CMPS_KFP_0180",,,,,
"COMPASS_May22_164","CATIONS","4.99","CAT_CMPS_KFP_0181",,,,,
"COMPASS_May22_165","CATIONS","5.02","CAT_CMPS_KFP_0182",,,,,
"COMPASS_May22_166","CATIONS","5.01","CAT_CMPS_KFP_0183",,,,,
"COMPASS_May22_167","CATIONS","5.01","CAT_CMPS_KFP_0184",,,,,
"COMPASS_May22_168","CATIONS","4.98","CAT_CMPS_KFP_0185",,,,,
"COMPASS_May22_169","CATIONS","5","CAT_CMPS_KFP_0186",,,,,
"COMPASS_May22_170","CATIONS","5.01","CAT_CMPS_KFP_0187",,,,,
"COMPASS_May22_171","CATIONS","5","CAT_CMPS_KFP_0188",,,,,
"rep-162","CATIONS","5.01","CAT_CMPS_KFP_0189",,,,,
"blank - filter",,,"CAT_CMPS_KFP_0190",,,,,
"blank - solution",,,"CAT_CMPS_KFP_0191",,,,,
"COMPASS_May22_172","CATIONS","5","CAT_CMPS_KFP_0192",,,,,
"COMPASS_May22_173","CATIONS","5.01","CAT_CMPS_KFP_0193",,,,,
"COMPASS_May22_174","CATIONS","4.99","CAT_CMPS_KFP_0194",,,,,
"COMPASS_May22_175","CATIONS","5.01","CAT_CMPS_KFP_0195",,,,,
"COMPASS_May22_176","CATIONS","5","CAT_CMPS_KFP_0196",,,,,
"COMPASS_May22_177","CATIONS","5","CAT_CMPS_KFP_0197",,,,,
"COMPASS_May22_178","CATIONS","5.01","CAT_CMPS_KFP_0198",,,,,
"COMPASS_May22_179","CATIONS","4.99","CAT_CMPS_KFP_0199",,,,,
"COMPASS_May22_180","CATIONS","5","CAT_CMPS_KFP_0200",,,,,
"COMPASS_May22_181","CATIONS","5.02","CAT_CMPS_KFP_0201",,,,,
"COMPASS_May22_182","CATIONS","5","CAT_CMPS_KFP_0202",,,,,
"COMPASS_May22_183","CATIONS","5.02","CAT_CMPS_KFP_0203",,,,,
"COMPASS_May22_184","CATIONS","5.01","CAT_CMPS_KFP_0204",,,,,
"COMPASS_May22_185","CATIONS","5.02","CAT_CMPS_KFP_0205",,,,,
"COMPASS_May22_186","CATIONS","4.99","CAT_CMPS_KFP_0206",,,,,
"COMPASS_May22_187","CATIONS","5.01","CAT_CMPS_KFP_0207",,,,,
"rep-180","CATIONS","4.99","CAT_CMPS_KFP_0208",,,,,
"blank - filter","CATIONS",,"CAT_CMPS_KFP_0209",,,,,
"blank - solution","CATIONS",,"CAT_CMPS_KFP_0210",,,,,
"COMPASS_May22_188","CATIONS","5.02","CAT_CMPS_KFP_0211",,,,,
"COMPASS_May22_189","CATIONS","5.02","CAT_CMPS_KFP_0212",,,,,
"COMPASS_May22_190","CATIONS","5.01","CAT_CMPS_KFP_0213",,,,,
"COMPASS_May22_191","CATIONS","5","CAT_CMPS_KFP_0214",,,,,
"COMPASS_May22_192","CATIONS","4.98","CAT_CMPS_KFP_0215",,,,,
"COMPASS_May22_193","CATIONS","4.99","CAT_CMPS_KFP_0216",,,,,
"COMPASS_May22_194","CATIONS","5.01","CAT_CMPS_KFP_0217",,,,,
"COMPASS_May22_195","CATIONS","4.98","CAT_CMPS_KFP_0218",,,,,
"COMPASS_May22_196","CATIONS","5.01","CAT_CMPS_KFP_0219",,,,,
"COMPASS_May22_197","CATIONS","5.01","CAT_CMPS_KFP_0220",,,,,
"COMPASS_May22_198","CATIONS","4.98","CAT_CMPS_KFP_0221",,,,,
"COMPASS_May22_199","CATIONS","5.01","CAT_CMPS_KFP_0222",,,,,
"COMPASS_May22_200","CATIONS","5","CAT_CMPS_KFP_0223",,,,,
"COMPASS_May22_201","CATIONS","5.01","CAT_CMPS_KFP_0224",,,,,
"COMPASS_May22_202","CATIONS","5.01","CAT_CMPS_KFP_0225",,,,,
"COMPASS_May22_203","CATIONS","5.01","CAT_CMPS_KFP_0226",,,,,
"COMPASS_May22_204","CATIONS","4.99","CAT_CMPS_KFP_0227",,,,,
"COMPASS_May22_206","CATIONS","5.02","CAT_CMPS_KFP_0228",,,,,
"COMPASS_May22_207","CATIONS","5","CAT_CMPS_KFP_0229",,,,,
"COMPASS_May22_208","CATIONS","4.99","CAT_CMPS_KFP_0230",,,,,
"COMPASS_May22_209","CATIONS","4.99","CAT_CMPS_KFP_0231",,,,,
"COMPASS_May22_210","CATIONS","5.01","CAT_CMPS_KFP_0232",,,,,
"COMPASS_May22_211","CATIONS","5.01","CAT_CMPS_KFP_0233",,,,,
"COMPASS_May22_212","CATIONS","5.02","CAT_CMPS_KFP_0234",,,,,
"COMPASS_May22_214","CATIONS","4.99","CAT_CMPS_KFP_0235",,,,,
"rep-206","CATIONS","5.01","CAT_CMPS_KFP_0236",,,,,
"blank - filter",,,"CAT_CMPS_KFP_0237",,,,,
"blank - solution",,,"CAT_CMPS_KFP_0238",,,,,
,,,,,,,,
"COMPASS_May22_129","WSOC","8.01","DOC_CMPS_KFP_0271",,"1",,,
"COMPASS_May22_130","WSOC","7.99","DOC_CMPS_KFP_0272",,"1",,,
"COMPASS_May22_131","WSOC","7.99","DOC_CMPS_KFP_0273",,"1",,,
"COMPASS_May22_132","WSOC","8","DOC_CMPS_KFP_0274",,"1",,,
"COMPASS_May22_133","WSOC","7.99","DOC_CMPS_KFP_0275",,"1",,,
"COMPASS_May22_134","WSOC","8","DOC_CMPS_KFP_0276",,"1",,,
"COMPASS_May22_135","WSOC","8","DOC_CMPS_KFP_0277",,"1",,,
"COMPASS_May22_136","WSOC","7.99","DOC_CMPS_KFP_0278",,"1",,,
"COMPASS_May22_137","WSOC","7.98","DOC_CMPS_KFP_0279",,"1",,,
"COMPASS_May22_138","WSOC","8.02","DOC_CMPS_KFP_0280",,"1",,,
"COMPASS_May22_139","WSOC","7.98","DOC_CMPS_KFP_0281",,"1",,,
"COMPASS_May22_140","WSOC","8.01","DOC_CMPS_KFP_0282",,"1",,,
"COMPASS_May22_141","WSOC","8.02","DOC_CMPS_KFP_0283",,"1",,,
"COMPASS_May22_142","WSOC","7.99","DOC_CMPS_KFP_0284",,"3","2.5 + 5 = 7.5",,
"COMPASS_May22_143","WSOC","8","DOC_CMPS_KFP_0285",,"3","2.5 + 5 = 7.5",,
"COMPASS_May22_144","WSOC","8","DOC_CMPS_KFP_0286",,"3","2.5 + 5 = 7.5",,
"COMPASS_May22_145","WSOC","8.01","DOC_CMPS_KFP_0287",,"1",,,
"COMPASS_May22_146","WSOC","7.99","DOC_CMPS_KFP_0288",,"1",,,
"COMPASS_May22_147","WSOC","8.01","DOC_CMPS_KFP_0289",,"1",,,
"COMPASS_May22_148","WSOC","8","DOC_CMPS_KFP_0290",,"1",,,
"COMPASS_May22_149","WSOC","8.01","DOC_CMPS_KFP_0291",,"1",,,
"COMPASS_May22_150","WSOC","8.01","DOC_CMPS_KFP_0292",,"1",,,
"COMPASS_May22_151","WSOC","7.98","DOC_CMPS_KFP_0293",,"1",,,
"rep-130","WSOC","8.02","DOC_CMPS_KFP_0294",,"1",,,
"blank-filter","WSOC","---","DOC_CMPS_KFP_0295",,"1",,,
"blank-solution","WSOC","---","DOC_CMPS_KFP_0296",,"1",,,
"COMPASS_May22_152","WSOC","7.98","DOC_CMPS_KFP_0297",,"1",,,
"COMPASS_May22_153","WSOC","7.99","DOC_CMPS_KFP_0298",,"1",,,
"COMPASS_May22_154","WSOC","8","DOC_CMPS_KFP_0299",,"1",,,
"COMPASS_May22_155","WSOC","8.01","DOC_CMPS_KFP_0300",,"1",,,
"COMPASS_May22_156","WSOC","7.98","DOC_CMPS_KFP_0301",,"1",,,
"COMPASS_May22_157","WSOC","8","DOC_CMPS_KFP_0302",,"1",,,
"COMPASS_May22_158","WSOC","7.99","DOC_CMPS_KFP_0303",,"1",,,
"COMPASS_May22_159","WSOC","7.98","DOC_CMPS_KFP_0304",,"1",,,
"COMPASS_May22_160","WSOC","8","DOC_CMPS_KFP_0305",,"1",,,
"COMPASS_May22_161","WSOC","8","DOC_CMPS_KFP_0306",,"1",,,
"COMPASS_May22_162","WSOC","7.98","DOC_CMPS_KFP_0307",,"1",,,
"COMPASS_May22_163","WSOC","7.99","DOC_CMPS_KFP_0308",,"1",,,
"COMPASS_May22_164","WSOC","8.01","DOC_CMPS_KFP_0309",,"1",,,
"COMPASS_May22_165","WSOC","8","DOC_CMPS_KFP_0310",,"1",,,
"COMPASS_May22_166","WSOC","8.01","DOC_CMPS_KFP_0311",,"1",,,
"COMPASS_May22_167","WSOC","7.98","DOC_CMPS_KFP_0312",,"1",,,
"COMPASS_May22_168","WSOC","8","DOC_CMPS_KFP_0313",,"1",,,
"COMPASS_May22_169","WSOC","8.01","DOC_CMPS_KFP_0314",,"1",,,
"COMPASS_May22_170","WSOC","8.01","DOC_CMPS_KFP_0315",,"1",,,
"COMPASS_May22_171","WSOC","8","DOC_CMPS_KFP_0316",,"1",,,
"rep-157","WSOC","8.02","DOC_CMPS_KFP_0317",,"1",,,
"blank-filter","WSOC","---","DOC_CMPS_KFP_0318",,"1",,,
"blank-solution","WSOC","---","DOC_CMPS_KFP_0319",,"1",,,
"COMPASS_May22_172","WSOC","8","DOC_CMPS_KFP_0320",,"1",,,
"COMPASS_May22_173","WSOC","7.99","DOC_CMPS_KFP_0321",,"1",,,
"COMPASS_May22_174","WSOC","7.98","DOC_CMPS_KFP_0322",,"1",,,
"COMPASS_May22_175","WSOC","8.01","DOC_CMPS_KFP_0323",,"1",,,
"COMPASS_May22_176","WSOC","8.02","DOC_CMPS_KFP_0324",,"1",,,
"COMPASS_May22_177","WSOC","8.01","DOC_CMPS_KFP_0325",,"1",,,
"COMPASS_May22_178","WSOC","8.01","DOC_CMPS_KFP_0326",,"1",,,
"COMPASS_May22_179","WSOC","7.99","DOC_CMPS_KFP_0327",,"1",,,
"COMPASS_May22_180","WSOC","7.99","DOC_CMPS_KFP_0328",,"1",,,
"COMPASS_May22_181","WSOC","8.01","DOC_CMPS_KFP_0329",,"1",,,
"COMPASS_May22_182","WSOC","7.99","DOC_CMPS_KFP_0330",,"1",,,
"COMPASS_May22_183","WSOC","7.99","DOC_CMPS_KFP_0331",,"1",,,
"COMPASS_May22_184","WSOC","8.01","DOC_CMPS_KFP_0332",,"1",,,
"COMPASS_May22_185","WSOC","8.01","DOC_CMPS_KFP_0333",,"1",,,
"COMPASS_May22_186","WSOC","8","DOC_CMPS_KFP_0334",,"1",,,
"COMPASS_May22_187","WSOC","7.98","DOC_CMPS_KFP_0335",,"1",,,
"COMPASS_May22_188","WSOC","8.01","DOC_CMPS_KFP_0336",,"1",,,
"COMPASS_May22_189","WSOC","8.01","DOC_CMPS_KFP_0337",,"1",,,
"COMPASS_May22_190","WSOC","8.01","DOC_CMPS_KFP_0338",,"1",,,
"COMPASS_May22_191","WSOC","8.01","DOC_CMPS_KFP_0339",,"1",,,
"COMPASS_May22_192","WSOC","8","DOC_CMPS_KFP_0340",,"1",,,
"rep-175","WSOC","7.99","DOC_CMPS_KFP_0341",,"1",,,
"blank-filter","WSOC","---","DOC_CMPS_KFP_0342",,"1",,,
"blank-solution","WSOC","---","DOC_CMPS_KFP_0343",,"1",,,
"COMPASS_May22_193","WSOC","7.99","DOC_CMPS_KFP_0344",,"1",,,
"COMPASS_May22_194","WSOC","8","DOC_CMPS_KFP_0345",,"1",,,
"COMPASS_May22_195","WSOC","8.02","DOC_CMPS_KFP_0346",,"1",,,
"COMPASS_May22_196","WSOC","8","DOC_CMPS_KFP_0347",,"1",,,
"COMPASS_May22_197","WSOC","8.01","DOC_CMPS_KFP_0348",,"1",,,
"COMPASS_May22_198","WSOC","8.01","DOC_CMPS_KFP_0349",,"1",,,
"COMPASS_May22_199","WSOC","8","DOC_CMPS_KFP_0350",,"1",,,
"COMPASS_May22_200","WSOC","8.01","DOC_CMPS_KFP_0351",,"1",,,
"COMPASS_May22_201","WSOC","8.01","DOC_CMPS_KFP_0352",,"1",,,
"COMPASS_May22_202","WSOC","8","DOC_CMPS_KFP_0353",,"1",,,
"COMPASS_May22_203","WSOC","8","DOC_CMPS_KFP_0354",,"1",,,
"COMPASS_May22_204","WSOC","8","DOC_CMPS_KFP_0355",,"1",,,
"COMPASS_May22_206","WSOC","7.99","DOC_CMPS_KFP_0356",,"1",,,
"COMPASS_May22_207","WSOC","7.99","DOC_CMPS_KFP_0357",,"1",,,
"COMPASS_May22_208","WSOC","8","DOC_CMPS_KFP_0358",,"1",,,
"COMPASS_May22_209","WSOC","7.98","DOC_CMPS_KFP_0359",,"1",,,
"COMPASS_May22_210","WSOC","8.01","DOC_CMPS_KFP_0360",,"1",,,
"COMPASS_May22_211","WSOC","8.02","DOC_CMPS_KFP_0361",,"1",,,
"COMPASS_May22_212","WSOC","8","DOC_CMPS_KFP_0362",,"1",,,
"COMPASS_May22_214","WSOC","7.99","DOC_CMPS_KFP_0363",,"1",,,
"rep-200","WSOC","7.99","DOC_CMPS_KFP_0364",,"1",,,
"blank-filter","WSOC","---","DOC_CMPS_KFP_0365",,"1",,,
"blank-solution","WSOC","---","DOC_CMPS_KFP_0366",,"1",,,
,,,,,,,,
"COMPASS_Aug22_215","NITROGEN",,"NIT_CMPS_KFP_0239",,,,,
"COMPASS_Aug22_216","NITROGEN",,"NIT_CMPS_KFP_0240",,,,,
"COMPASS_Aug22_217","NITROGEN",,"NIT_CMPS_KFP_0241",,,,,
"COMPASS_Aug22_218","NITROGEN",,"NIT_CMPS_KFP_0242",,,,,
"COMPASS_Aug22_219","NITROGEN",,"NIT_CMPS_KFP_0243",,,,,
"COMPASS_Aug22_220","NITROGEN",,"NIT_CMPS_KFP_0244",,,,,
"COMPASS_Aug22_221","NITROGEN",,"NIT_CMPS_KFP_0245",,,,,
"COMPASS_Aug22_222","NITROGEN",,"NIT_CMPS_KFP_0246",,,,,
"COMPASS_Aug22_223","NITROGEN",,"NIT_CMPS_KFP_0247",,,,,
"COMPASS_Aug22_224","NITROGEN",,"NIT_CMPS_KFP_0248",,,,,
"rep-215","NITROGEN",,"NIT_CMPS_KFP_0249",,,,,
"blank-filter","NITROGEN",,"NIT_CMPS_KFP_0250",,,,,
"blank-solution","NITROGEN",,"NIT_CMPS_KFP_0251",,,,,
"COMPASS_Aug22_225","NITROGEN",,"NIT_CMPS_KFP_0252",,,,,
"COMPASS_Aug22_226","NITROGEN",,"NIT_CMPS_KFP_0253",,,,,
"COMPASS_Aug22_227","NITROGEN",,"NIT_CMPS_KFP_0254",,,,,
"COMPASS_Aug22_228","NITROGEN",,"NIT_CMPS_KFP_0255",,,,,
"COMPASS_Aug22_229","NITROGEN",,"NIT_CMPS_KFP_0256",,,,,
"COMPASS_Aug22_230","NITROGEN",,"NIT_CMPS_KFP_0257",,,,,
"COMPASS_Aug22_231","NITROGEN",,"NIT_CMPS_KFP_0258",,,,,
"COMPASS_Aug22_232","NITROGEN",,"NIT_CMPS_KFP_0259",,,,,
"COMPASS_Aug22_233","NITROGEN",,"NIT_CMPS_KFP_0260",,,,,
"COMPASS_Aug22_234","NITROGEN",,"NIT_CMPS_KFP_0261",,,,,
"rep-225","NITROGEN",,"NIT_CMPS_KFP_0262",,,,,
"blank-filter","NITROGEN",,"NIT_CMPS_KFP_0263",,,,,
"blank-solution","NITROGEN",,"NIT_CMPS_KFP_0264",,,,,
"COMPASS_Aug22_235","NITROGEN",,"NIT_CMPS_KFP_0265",,,,,
"COMPASS_Aug22_236","NITROGEN",,"NIT_CMPS_KFP_0266",,,,,
"COMPASS_Aug22_237","NITROGEN",,"NIT_CMPS_KFP_0267",,,,,
"COMPASS_Aug22_238","NITROGEN",,"NIT_CMPS_KFP_0268",,,,,
"COMPASS_Aug22_239","NITROGEN",,"NIT_CMPS_KFP_0269",,,,,
"COMPASS_Aug22_240","NITROGEN",,"NIT_CMPS_KFP_0270",,,,,
"COMPASS_Aug22_241","NITROGEN",,"NIT_CMPS_KFP_0271",,,,,
"COMPASS_Aug22_242","NITROGEN",,"NIT_CMPS_KFP_0272",,,,,
"COMPASS_Aug22_243","NITROGEN",,"NIT_CMPS_KFP_0273",,,,,
"COMPASS_Aug22_244","NITROGEN",,"NIT_CMPS_KFP_0274",,,,,
"rep-235","NITROGEN",,"NIT_CMPS_KFP_0275",,,,,
"blank-filter","NITROGEN",,"NIT_CMPS_KFP_0276",,,,,
"blank-solution","NITROGEN",,"NIT_CMPS_KFP_0277",,,,,
"COMPASS_Aug22_245","NITROGEN",,"NIT_CMPS_KFP_0278",,,,,
"COMPASS_Aug22_246","NITROGEN",,"NIT_CMPS_KFP_0279",,,,,
"COMPASS_Aug22_247","NITROGEN",,"NIT_CMPS_KFP_0280",,,,,
"COMPASS_Aug22_248","NITROGEN",,"NIT_CMPS_KFP_0281",,,,,
"COMPASS_Aug22_249","NITROGEN",,"NIT_CMPS_KFP_0282",,,,,
"COMPASS_Aug22_250","NITROGEN",,"NIT_CMPS_KFP_0283",,,,,
"COMPASS_Aug22_251","NITROGEN",,"NIT_CMPS_KFP_0284",,,,,
"COMPASS_Aug22_252","NITROGEN",,"NIT_CMPS_KFP_0285",,,,,
"COMPASS_Aug22_253","NITROGEN",,"NIT_CMPS_KFP_0286",,,,,
"COMPASS_Aug22_254","NITROGEN",,"NIT_CMPS_KFP_0287",,,,,
"rep-245","NITROGEN",,"NIT_CMPS_KFP_0288",,,,,
"blank-filter","NITROGEN",,"NIT_CMPS_KFP_0289",,,,,
"blank-solution","NITROGEN",,"NIT_CMPS_KFP_0290",,,,,
,,,,,,,,
"COMPASS_Aug22_215","WSOC",,"DOC_CMPS_KFP_0426",,"1",,,
"COMPASS_Aug22_216","WSOC",,"DOC_CMPS_KFP_0427",,"1",,,
"COMPASS_Aug22_217","WSOC",,"DOC_CMPS_KFP_0428",,"1",,,
"COMPASS_Aug22_218","WSOC",,"DOC_CMPS_KFP_0429",,"1",,,
"COMPASS_Aug22_219","WSOC",,"DOC_CMPS_KFP_0430",,"1",,,
"COMPASS_Aug22_220","WSOC",,"DOC_CMPS_KFP_0431",,"1",,,
"COMPASS_Aug22_221","WSOC",,"DOC_CMPS_KFP_0432",,"1",,,
"COMPASS_Aug22_222","WSOC",,"DOC_CMPS_KFP_0433",,"1",,,
"COMPASS_Aug22_223","WSOC",,"DOC_CMPS_KFP_0434",,"1",,,
"COMPASS_Aug22_224","WSOC",,"DOC_CMPS_KFP_0435",,"1",,,
"rep-224","WSOC",,"DOC_CMPS_KFP_0436",,"1",,,
"blank-filter","WSOC",,"DOC_CMPS_KFP_0437",,"1",,,
"blank-solution","WSOC",,"DOC_CMPS_KFP_0438",,"1",,,
"COMPASS_Aug22_225","WSOC",,"DOC_CMPS_KFP_0439",,"1",,,
"COMPASS_Aug22_226","WSOC",,"DOC_CMPS_KFP_0440",,"1",,,
"COMPASS_Aug22_227","WSOC",,"DOC_CMPS_KFP_0441",,"1",,,
"COMPASS_Aug22_228","WSOC",,"DOC_CMPS_KFP_0442",,"1",,,
"COMPASS_Aug22_229","WSOC",,"DOC_CMPS_KFP_0443",,"1",,,
"COMPASS_Aug22_230","WSOC",,"DOC_CMPS_KFP_0444",,"1",,,
"COMPASS_Aug22_231","WSOC",,"DOC_CMPS_KFP_0445",,"1",,,
"COMPASS_Aug22_232","WSOC",,"DOC_CMPS_KFP_0446",,"1",,,
"COMPASS_Aug22_233","WSOC",,"DOC_CMPS_KFP_0447",,"1",,,
"COMPASS_Aug22_234","WSOC",,"DOC_CMPS_KFP_0448",,"1",,,
"rep-234","WSOC",,"DOC_CMPS_KFP_0449",,"1",,,
"blank-filter","WSOC",,"DOC_CMPS_KFP_0450",,"1",,,
"blank-solution","WSOC",,"DOC_CMPS_KFP_0451",,"1",,,
"COMPASS_Aug22_235","WSOC",,"DOC_CMPS_KFP_0452",,"1",,,
"COMPASS_Aug22_236","WSOC",,"DOC_CMPS_KFP_0453",,"1",,,
"COMPASS_Aug22_237","WSOC",,"DOC_CMPS_KFP_0454",,"1",,,
"COMPASS_Aug22_238","WSOC",,"DOC_CMPS_KFP_0455",,"1",,,
"COMPASS_Aug22_239","WSOC",,"DOC_CMPS_KFP_0456",,"1",,,
"COMPASS_Aug22_240","WSOC",,"DOC_CMPS_KFP_0457",,"1",,,
"COMPASS_Aug22_241","WSOC",,"DOC_CMPS_KFP_0458",,"1",,,
"COMPASS_Aug22_242","WSOC",,"DOC_CMPS_KFP_0459",,"1",,,
"COMPASS_Aug22_243","WSOC",,"DOC_CMPS_KFP_0460",,"1",,,
"COMPASS_Aug22_244","WSOC",,"DOC_CMPS_KFP_0461",,"1",,,
"rep-244","WSOC",,"DOC_CMPS_KFP_0462",,"1",,,
"blank-filter","WSOC",,"DOC_CMPS_KFP_0463",,"1",,,
"blank-solution","WSOC",,"DOC_CMPS_KFP_0464",,"1",,,
"COMPASS_Aug22_245","WSOC",,"DOC_CMPS_KFP_0465",,"1",,,
"COMPASS_Aug22_246","WSOC",,"DOC_CMPS_KFP_0466",,"1",,,
"COMPASS_Aug22_247","WSOC",,"DOC_CMPS_KFP_0467",,"1",,,
"COMPASS_Aug22_248","WSOC",,"DOC_CMPS_KFP_0468",,"1",,,
"COMPASS_Aug22_249","WSOC",,"DOC_CMPS_KFP_0469",,"1",,,
"COMPASS_Aug22_250","WSOC",,"DOC_CMPS_KFP_0470",,"1",,,
"COMPASS_Aug22_251","WSOC",,"DOC_CMPS_KFP_0471",,"1",,,
"COMPASS_Aug22_252","WSOC",,"DOC_CMPS_KFP_0472",,"1",,,
"COMPASS_Aug22_253","WSOC",,"DOC_CMPS_KFP_0473",,"1",,,
"COMPASS_Aug22_254","WSOC",,"DOC_CMPS_KFP_0474",,"1",,,
"rep-254","WSOC",,"DOC_CMPS_KFP_0475",,"1",,,
"blank-filter","WSOC",,"DOC_CMPS_KFP_0476",,"1",,,
"blank-solution","WSOC",,"DOC_CMPS_KFP_0477",,"1",,,
,,,,,,,,
"COMPASS_Aug22_215","CATIONS",,"CAT_CMPS_KFP_0239",,,,,
"COMPASS_Aug22_216","CATIONS",,"CAT_CMPS_KFP_0240",,,,,
"COMPASS_Aug22_217","CATIONS",,"CAT_CMPS_KFP_0241",,,,,
"COMPASS_Aug22_218","CATIONS",,"CAT_CMPS_KFP_0242",,,,,
"COMPASS_Aug22_219","CATIONS",,"CAT_CMPS_KFP_0243",,,,,
"COMPASS_Aug22_220","CATIONS",,"CAT_CMPS_KFP_0244",,,,,
"COMPASS_Aug22_221","CATIONS",,"CAT_CMPS_KFP_0245",,,,,
"COMPASS_Aug22_222","CATIONS",,"CAT_CMPS_KFP_0246",,,,,
"COMPASS_Aug22_223","CATIONS",,"CAT_CMPS_KFP_0247",,,,,
"COMPASS_Aug22_224","CATIONS",,"CAT_CMPS_KFP_0248",,,,,
"rep-220","CATIONS",,"CAT_CMPS_KFP_0249",,,,,
"blank-filter","CATIONS",,"CAT_CMPS_KFP_0250",,,,,
"blank-solution","CATIONS",,"CAT_CMPS_KFP_0251",,,,,
"COMPASS_Aug22_225","CATIONS",,"CAT_CMPS_KFP_0252",,,,,
"COMPASS_Aug22_226","CATIONS",,"CAT_CMPS_KFP_0253",,,,,
"COMPASS_Aug22_227","CATIONS",,"CAT_CMPS_KFP_0254",,,,,
"COMPASS_Aug22_228","CATIONS",,"CAT_CMPS_KFP_0255",,,,,
"COMPASS_Aug22_229","CATIONS",,"CAT_CMPS_KFP_0256",,,,,
"COMPASS_Aug22_230","CATIONS",,"CAT_CMPS_KFP_0257",,,,,
"COMPASS_Aug22_231","CATIONS",,"CAT_CMPS_KFP_0258",,,,,
"COMPASS_Aug22_232","CATIONS",,"CAT_CMPS_KFP_0259",,,,,
"COMPASS_Aug22_233","CATIONS",,"CAT_CMPS_KFP_0260",,,,,
"COMPASS_Aug22_234","CATIONS",,"CAT_CMPS_KFP_0261",,,,,
"rep-230","CATIONS",,"CAT_CMPS_KFP_0262",,,,,
"blank-filter","CATIONS",,"CAT_CMPS_KFP_0263",,,,,
"blank-solution","CATIONS",,"CAT_CMPS_KFP_0264",,,,,
"COMPASS_Aug22_235","CATIONS",,"CAT_CMPS_KFP_0265",,,,,
"COMPASS_Aug22_236","CATIONS",,"CAT_CMPS_KFP_0266",,,,,
"COMPASS_Aug22_237","CATIONS",,"CAT_CMPS_KFP_0267",,,,,
"COMPASS_Aug22_238","CATIONS",,"CAT_CMPS_KFP_0268",,,,,
"COMPASS_Aug22_239","CATIONS",,"CAT_CMPS_KFP_0269",,,,,
"COMPASS_Aug22_240","CATIONS",,"CAT_CMPS_KFP_0270",,,,,
"COMPASS_Aug22_241","CATIONS",,"CAT_CMPS_KFP_0271",,,,,
"COMPASS_Aug22_242","CATIONS",,"CAT_CMPS_KFP_0272",,,,,
"COMPASS_Aug22_243","CATIONS",,"CAT_CMPS_KFP_0273",,,,,
"COMPASS_Aug22_244","CATIONS",,"CAT_CMPS_KFP_0274",,,,,
"rep-240","CATIONS",,"CAT_CMPS_KFP_0275",,,,,
"blank-filter","CATIONS",,"CAT_CMPS_KFP_0276",,,,,
"blank-solution","CATIONS",,"CAT_CMPS_KFP_0277",,,,,
"COMPASS_Aug22_245","CATIONS",,"CAT_CMPS_KFP_0278",,,,,
"COMPASS_Aug22_246","CATIONS",,"CAT_CMPS_KFP_0279",,,,,
"COMPASS_Aug22_247","CATIONS",,"CAT_CMPS_KFP_0280",,,,,
"COMPASS_Aug22_248","CATIONS",,"CAT_CMPS_KFP_0281",,,,,
"COMPASS_Aug22_249","CATIONS",,"CAT_CMPS_KFP_0282",,,,,
"COMPASS_Aug22_250","CATIONS",,"CAT_CMPS_KFP_0283",,,,,
"COMPASS_Aug22_251","CATIONS",,"CAT_CMPS_KFP_0284",,,,,
"COMPASS_Aug22_252","CATIONS",,"CAT_CMPS_KFP_0285",,,,,
"COMPASS_Aug22_253","CATIONS",,"CAT_CMPS_KFP_0286",,,,,
"COMPASS_Aug22_254","CATIONS",,"CAT_CMPS_KFP_0287",,,,,
"rep-250","CATIONS",,"CAT_CMPS_KFP_0288",,,,,
"blank-filter","CATIONS",,"CAT_CMPS_KFP_0289",,,,,
"blank-solution","CATIONS",,"CAT_CMPS_KFP_0290",,,,,
